temperature1_c,humidity1_percent,temperature2_c,humidity2_percent,dT1,dT2,avgT1_5,avgT2_5,stdT1_5,stdT2_5,stuck_count1,stuck_count2,diffT,abs_dT1,abs_dT2,label
8.4,81.0,8.8,82.4,0.0,0.0,8.4,8.8,0.0,0.0,1,1,0.40000000000000036,0.0,0.0,0
8.4,81.0,8.8,82.2,0.0,0.0,8.4,8.8,0.0,0.0,1,1,0.40000000000000036,0.0,0.0,0
8.4,80.0,8.7,82.1,0.0,-0.10000000000000142,8.4,8.766666666666667,0.0,0.05773502691896365,1,0,0.29999999999999893,0.0,0.10000000000000142,0
8.4,80.0,8.7,82.0,0.0,0.0,8.4,8.75,0.0,0.05773502691896365,1,1,0.29999999999999893,0.0,0.0,0
8.4,80.0,8.7,81.8,0.0,0.0,8.4,8.74,0.0,0.05477225575051763,1,1,0.29999999999999893,0.0,0.0,0
8.4,80.0,8.6,81.8,0.0,-0.09999999999999964,8.4,8.7,0.0,0.07071067811865529,1,0,0.1999999999999993,0.0,0.09999999999999964,0
8.4,80.0,8.6,81.7,0.0,0.0,8.4,8.66,0.0,0.054772255750516176,1,1,0.1999999999999993,0.0,0.0,0
8.4,80.0,8.5,81.6,0.0,-0.09999999999999964,8.4,8.62,0.0,0.08366600265340672,1,0,0.09999999999999964,0.0,0.09999999999999964,0
8.4,80.0,8.5,81.5,0.0,0.0,8.4,8.58,0.0,0.08366600265340672,1,1,0.09999999999999964,0.0,0.0,0
8.4,79.0,8.5,81.2,0.0,0.0,8.4,8.540000000000001,0.0,0.054772255750516176,1,1,0.09999999999999964,0.0,0.0,0
8.4,79.0,8.4,81.4,0.0,-0.09999999999999964,8.4,8.5,0.0,0.07071067811865547,1,0,0.0,0.0,0.09999999999999964,0
8.1,79.0,8.4,81.4,-0.3000000000000007,0.0,8.34,8.459999999999999,0.13416407864998758,0.05477225575051879,0,1,0.3000000000000007,0.3000000000000007,0.0,0
8.0,79.0,8.4,81.3,-0.09999999999999964,0.0,8.26,8.440000000000001,0.1949358868961792,0.05477225575051915,0,1,0.40000000000000036,0.09999999999999964,0.0,0
8.0,78.0,8.3,81.2,0.0,-0.09999999999999964,8.180000000000001,8.4,0.20493901531919168,0.07071067811865689,1,0,0.3000000000000007,0.0,0.09999999999999964,0
8.0,78.0,8.3,81.1,0.0,0.0,8.1,8.360000000000001,0.17320508075688718,0.05477225575051915,1,1,0.3000000000000007,0.0,0.0,0
8.0,78.0,8.3,81.0,0.0,0.0,8.02,8.34,0.04472135954999136,0.05477225575051879,1,1,0.3000000000000007,0.0,0.0,0
8.0,78.0,8.2,81.0,0.0,-0.10000000000000142,8.0,8.3,0.0,0.07071067811865618,1,0,0.1999999999999993,0.0,0.10000000000000142,0
8.0,78.0,8.2,81.0,0.0,0.0,8.0,8.26,0.0,0.054772255750517335,1,1,0.1999999999999993,0.0,0.0,0
8.0,77.0,8.2,80.9,0.0,0.0,8.0,8.24,0.0,0.05477225575051608,1,1,0.1999999999999993,0.0,0.0,0
8.0,77.0,8.1,80.9,0.0,-0.09999999999999964,8.0,8.2,0.0,0.07071067811865221,1,0,0.09999999999999964,0.0,0.09999999999999964,0
8.0,77.0,8.1,80.8,0.0,0.0,8.0,8.16,0.0,0.054772255750511055,1,1,0.09999999999999964,0.0,0.0,0
8.0,77.0,8.1,80.8,0.0,0.0,8.0,8.139999999999999,0.0,0.05477225575051069,1,1,0.09999999999999964,0.0,0.0,0
8.0,77.0,8.0,80.7,0.0,-0.09999999999999964,8.0,8.1,0.0,0.0707106781186492,1,0,0.0,0.0,0.09999999999999964,0
8.0,76.0,8.0,80.7,0.0,0.0,8.0,8.059999999999999,0.0,0.05477225575050808,1,1,0.0,0.0,0.0,0
8.0,76.0,8.0,80.6,0.0,0.0,8.0,8.040000000000001,0.0,0.05477225575050771,1,1,0.0,0.0,0.0,0
8.0,76.0,8.0,80.5,0.0,0.0,8.0,8.02,0.0,0.044721359549984505,1,1,0.0,0.0,0.0,0
7.6,76.0,7.9,80.5,-0.40000000000000036,-0.09999999999999964,7.92,7.9799999999999995,0.17888543819998223,0.044721359549984505,0,0,0.3000000000000007,0.40000000000000036,0.09999999999999964,0
7.6,76.0,7.9,80.5,0.0,0.0,7.840000000000001,7.959999999999999,0.21908902300206584,0.05477225575050755,1,1,0.3000000000000007,0.0,0.0,0
7.6,76.0,7.9,80.5,0.0,0.0,7.76,7.94,0.21908902300206584,0.05477225575050791,1,1,0.3000000000000007,0.0,0.0,0
7.6,76.0,7.9,80.5,0.0,0.0,7.68,7.92,0.17888543819998223,0.044721359549985844,1,1,0.3000000000000007,0.0,0.0,0
7.6,76.0,7.8,80.4,0.0,-0.10000000000000053,7.6,7.88,0.0,0.044721359549987835,1,0,0.20000000000000018,0.0,0.10000000000000053,0
7.6,76.0,7.8,80.3,0.0,0.0,7.6,7.860000000000001,0.0,0.05477225575051075,1,1,0.20000000000000018,0.0,0.0,0
7.6,76.0,7.8,80.3,0.0,0.0,7.6,7.840000000000001,0.0,0.054772255750511194,1,1,0.20000000000000018,0.0,0.0,0
7.6,76.0,7.8,80.2,0.0,0.0,7.6,7.82,0.0,0.04472135954998953,1,1,0.20000000000000018,0.0,0.0,0
7.6,76.0,7.7,80.1,0.0,-0.09999999999999964,7.6,7.779999999999999,0.0,0.044721359549990625,1,0,0.10000000000000053,0.0,0.09999999999999964,0
7.6,76.0,7.7,80.0,0.0,0.0,7.6,7.76,0.0,0.05477225575051276,1,1,0.10000000000000053,0.0,0.0,0
7.6,76.0,7.7,80.0,0.0,0.0,7.6,7.74,0.0,0.05477225575051313,1,1,0.10000000000000053,0.0,0.0,0
7.6,76.0,7.7,80.0,0.0,0.0,7.6,7.720000000000001,0.0,0.04472135954999223,1,1,0.10000000000000053,0.0,0.0,0
7.6,76.0,7.6,80.0,0.0,-0.10000000000000053,7.6,7.68,0.0,0.04472135954999422,1,0,0.0,0.0,0.10000000000000053,0
7.6,76.0,7.6,80.0,0.0,0.0,7.6,7.659999999999999,0.0,0.05477225575051597,1,1,0.0,0.0,0.0,0
7.6,76.0,7.6,79.8,0.0,0.0,7.6,7.639999999999999,0.0,0.05477225575051641,1,1,0.0,0.0,0.0,0
7.6,76.0,7.6,79.8,0.0,0.0,7.6,7.619999999999999,0.0,0.04472135954999592,1,1,0.0,0.0,0.0,0
7.6,75.0,7.6,79.7,0.0,0.0,7.6,7.6,0.0,0.0,1,1,0.0,0.0,0.0,0
7.6,75.0,7.5,79.7,0.0,-0.09999999999999964,7.6,7.58,0.0,0.044721359549997015,1,0,0.09999999999999964,0.0,0.09999999999999964,0
7.6,75.0,7.5,79.6,0.0,0.0,7.6,7.56,0.0,0.05477225575051798,1,1,0.09999999999999964,0.0,0.0,0
7.4,75.0,7.5,79.6,-0.1999999999999993,0.0,7.56,7.539999999999999,0.08944271909998905,0.05477225575051835,0,1,0.09999999999999964,0.1999999999999993,0.0,0
7.1,75.0,7.5,79.4,-0.3000000000000007,0.0,7.459999999999999,7.5200000000000005,0.21908902300206554,0.04472135954999862,0,1,0.40000000000000036,0.3000000000000007,0.0,0
7.1,75.0,7.5,79.4,0.0,0.0,7.359999999999999,7.5,0.25099800796022187,0.0,1,1,0.40000000000000036,0.0,0.0,0
7.1,75.0,7.4,79.4,0.0,-0.09999999999999964,7.26,7.4799999999999995,0.23021728866442567,0.044721359550000166,1,0,0.3000000000000007,0.0,0.09999999999999964,0
7.1,75.0,7.4,79.4,0.0,0.0,7.159999999999999,7.459999999999999,0.1341640786499849,0.05477225575052055,1,1,0.3000000000000007,0.0,0.0,0
7.1,75.0,7.4,79.3,0.0,0.0,7.1,7.44,0.0,0.05477225575052091,1,1,0.3000000000000007,0.0,0.0,0
7.1,75.0,7.4,79.2,0.0,0.0,7.1,7.42,0.0,0.04472135955000176,1,1,0.3000000000000007,0.0,0.0,0
7.1,75.0,7.4,79.2,0.0,0.0,7.1,7.4,0.0,0.0,1,1,0.3000000000000007,0.0,0.0,0
7.1,75.0,7.4,79.1,0.0,0.0,7.1,7.4,0.0,0.0,1,1,0.3000000000000007,0.0,0.0,0
7.1,74.0,7.3,79.1,0.0,-0.10000000000000053,7.1,7.380000000000001,0.0,0.04472135955000375,1,0,0.20000000000000018,0.0,0.10000000000000053,0
7.1,74.0,7.3,79.0,0.0,0.0,7.1,7.359999999999999,0.0,0.05477225575052375,1,1,0.20000000000000018,0.0,0.0,0
7.1,74.0,7.3,79.0,0.0,0.0,7.1,7.340000000000001,0.0,0.0547722557505242,1,1,0.20000000000000018,0.0,0.0,0
7.1,74.0,7.3,78.9,0.0,0.0,7.1,7.32,0.0,0.04472135955000545,1,1,0.20000000000000018,0.0,0.0,0
7.1,74.0,7.3,78.9,0.0,0.0,7.1,7.3,0.0,0.0,1,1,0.20000000000000018,0.0,0.0,0
7.1,74.0,7.3,78.5,0.0,0.0,7.1,7.3,0.0,0.0,1,1,0.20000000000000018,0.0,0.0,0
7.1,74.0,7.2,78.7,0.0,-0.09999999999999964,7.1,7.279999999999999,0.0,0.044721359550006994,1,0,0.10000000000000053,0.0,0.09999999999999964,0
7.1,74.0,7.2,78.7,0.0,0.0,7.1,7.26,0.0,0.054772255750526494,1,1,0.10000000000000053,0.0,0.0,0
7.1,74.0,7.2,78.6,0.0,0.0,7.1,7.24,0.0,0.05477225575052712,1,1,0.10000000000000053,0.0,0.0,0
7.1,74.0,7.2,78.6,0.0,0.0,7.1,7.220000000000001,0.0,0.04472135955000937,1,1,0.10000000000000053,0.0,0.0,0
7.1,74.0,7.2,78.2,0.0,0.0,7.1,7.2,0.0,0.0,1,1,0.10000000000000053,0.0,0.0,0
7.1,74.0,7.2,78.5,0.0,0.0,7.1,7.2,0.0,0.0,1,1,0.10000000000000053,0.0,0.0,0
7.1,73.0,7.2,78.4,0.0,0.0,7.1,7.2,0.0,0.0,1,1,0.10000000000000053,0.0,0.0,0
7.1,73.0,7.1,78.3,0.0,-0.10000000000000053,7.1,7.18,0.0,0.0447213595500118,1,0,0.0,0.0,0.10000000000000053,0
7.1,73.0,7.2,78.3,0.0,0.10000000000000053,7.1,7.18,0.0,0.0447213595500118,1,0,0.10000000000000053,0.0,0.10000000000000053,0
7.1,73.0,7.1,78.2,0.0,-0.10000000000000053,7.1,7.159999999999999,0.0,0.05477225575053069,1,0,0.0,0.0,0.10000000000000053,0
7.1,73.0,7.2,79.0,0.0,0.10000000000000053,7.1,7.159999999999999,0.0,0.05477225575053069,1,0,0.10000000000000053,0.0,0.10000000000000053,0
7.6,81.0,8.5,86.1,0.5,1.2999999999999998,7.2,7.419999999999999,0.22360679774997735,0.6058052492344387,0,0,0.9000000000000004,0.5,1.2999999999999998,0
8.4,84.0,8.9,94.9,0.8000000000000007,0.40000000000000036,7.459999999999999,7.779999999999999,0.5683308895353125,0.8526429498916879,0,0,0.5,0.8000000000000007,0.40000000000000036,1
8.8,88.0,9.3,100.0,0.40000000000000036,0.40000000000000036,7.8,8.2,0.7713624310270756,0.9999999999999993,0,0,0.5,0.40000000000000036,0.40000000000000036,1
9.6,89.0,9.9,100.0,0.7999999999999989,0.5999999999999996,8.3,8.760000000000002,0.9848857801796106,1.0139033484509246,0,0,0.3000000000000007,0.7999999999999989,0.5999999999999996,1
9.9,92.0,10.3,100.0,0.3000000000000007,0.40000000000000036,8.86,9.38,0.9262828941527542,0.7293833011524151,0,0,0.40000000000000036,0.3000000000000007,0.40000000000000036,1
10.3,93.0,10.5,100.0,0.40000000000000036,0.1999999999999993,9.400000000000002,9.780000000000001,0.7842193570679097,0.6723094525588585,0,0,0.1999999999999993,0.40000000000000036,0.1999999999999993,1
10.4,93.0,10.5,100.0,0.09999999999999964,0.0,9.8,10.1,0.6442049363362617,0.5099019513592685,0,1,0.09999999999999964,0.09999999999999964,0.0,0
10.8,94.0,10.5,100.0,0.40000000000000036,0.0,10.2,10.34,0.4636809247747945,0.2607680962080833,0,1,0.3000000000000007,0.40000000000000036,0.0,1
10.3,94.0,10.3,100.0,-0.5,-0.1999999999999993,10.34,10.42,0.32093613071763777,0.10954451150097617,0,0,0.0,0.5,0.1999999999999993,0
10.3,94.0,10.2,100.0,0.0,-0.10000000000000142,10.420000000000002,10.4,0.21679483388680823,0.1414213562372665,1,0,0.10000000000000142,0.0,0.10000000000000142,0
10.3,94.0,10.0,100.0,0.0,-0.1999999999999993,10.42,10.3,0.21679483388680823,0.21213203435593808,1,0,0.3000000000000007,0.0,0.1999999999999993,0
9.9,94.0,9.9,100.0,-0.40000000000000036,-0.09999999999999964,10.32,10.18,0.31937438845344,0.2387467277262459,0,0,0.0,0.40000000000000036,0.09999999999999964,0
9.9,94.0,9.7,100.0,0.0,-0.20000000000000107,10.14,10.02,0.2190890230020856,0.2387467277262505,1,0,0.20000000000000107,0.0,0.20000000000000107,0
9.9,94.0,9.5,100.0,0.0,-0.1999999999999993,10.06,9.86,0.21908902300208472,0.2701851217221153,1,0,0.40000000000000036,0.0,0.1999999999999993,0
9.6,94.0,9.3,100.0,-0.3000000000000007,-0.1999999999999993,9.919999999999998,9.68,0.2489979919597896,0.28635642126552074,0,0,0.29999999999999893,0.3000000000000007,0.1999999999999993,0
9.6,94.0,9.1,100.0,0.0,-0.20000000000000107,9.78,9.5,0.16431676725157002,0.3162277660168361,1,0,0.5,0.0,0.20000000000000107,0
9.2,93.0,9.0,100.0,-0.40000000000000036,-0.09999999999999964,9.64,9.319999999999999,0.2880972058177687,0.2863564212655285,0,0,0.1999999999999993,0.40000000000000036,0.09999999999999964,0
9.2,93.0,8.9,100.0,0.0,-0.09999999999999964,9.499999999999998,9.16,0.3000000000000078,0.24083189157585105,1,0,0.29999999999999893,0.0,0.09999999999999964,0
9.0,93.0,8.7,100.0,-0.1999999999999993,-0.20000000000000107,9.319999999999999,9.0,0.2683281572999802,0.22360679774998807,0,0,0.3000000000000007,0.1999999999999993,0.20000000000000107,0
8.8,93.0,8.6,100.0,-0.1999999999999993,-0.09999999999999964,9.16,8.86,0.2966479394838292,0.2073644135332897,0,0,0.20000000000000107,0.1999999999999993,0.09999999999999964,0
8.8,93.0,8.5,100.0,0.0,-0.09999999999999964,9.0,8.74,0.20000000000000048,0.20736441353329227,1,0,0.3000000000000007,0.0,0.09999999999999964,0
8.8,92.0,8.4,100.0,0.0,-0.09999999999999964,8.92,8.620000000000001,0.17888543819998184,0.1923538406167322,1,0,0.40000000000000036,0.0,0.09999999999999964,0
8.4,92.0,8.3,100.0,-0.40000000000000036,-0.09999999999999964,8.760000000000002,8.5,0.21908902300206234,0.15811388300844442,0,0,0.09999999999999964,0.40000000000000036,0.09999999999999964,0
8.4,92.0,8.3,100.0,0.0,0.0,8.64,8.42,0.2190890230020599,0.1303840481040867,1,1,0.09999999999999964,0.0,0.0,0
8.4,92.0,8.2,100.0,0.0,-0.10000000000000142,8.559999999999999,8.34,0.21908902300205826,0.11401754250995555,1,0,0.20000000000000107,0.0,0.10000000000000142,0
8.4,92.0,8.1,100.0,0.0,-0.09999999999999964,8.48,8.26,0.1788854381999712,0.11401754250995867,1,0,0.3000000000000007,0.0,0.09999999999999964,0
8.4,92.0,8.1,100.0,0.0,0.0,8.4,8.2,0.0,0.10000000000005406,1,1,0.3000000000000007,0.0,0.0,0
8.4,92.0,8.0,100.0,0.0,-0.09999999999999964,8.4,8.139999999999999,0.0,0.11401754250996406,1,0,0.40000000000000036,0.0,0.09999999999999964,0
8.0,91.0,8.0,100.0,-0.40000000000000036,0.0,8.32,8.08,0.1788854381999668,0.08366600265347922,0,1,0.0,0.40000000000000036,0.0,0
8.0,91.0,8.0,100.0,0.0,0.0,8.24,8.04,0.21908902300205144,0.05477225575062963,1,1,0.0,0.0,0.0,0
8.0,91.0,7.9,99.9,0.0,-0.09999999999999964,8.16,8.0,0.21908902300204983,0.07071067811874449,1,0,0.09999999999999964,0.0,0.09999999999999964,0
8.0,90.0,7.9,98.3,0.0,0.0,8.08,7.960000000000001,0.17888543819996083,0.054772255750636115,1,1,0.09999999999999964,0.0,0.0,0
8.0,90.0,7.9,96.6,0.0,0.0,8.0,7.94,0.0,0.054772255750638106,1,1,0.09999999999999964,0.0,0.0,0
8.0,89.0,7.8,94.9,0.0,-0.10000000000000053,8.0,7.9,0.0,0.07071067811875234,1,0,0.20000000000000018,0.0,0.10000000000000053,0
8.0,89.0,7.8,93.9,0.0,0.0,8.0,7.860000000000001,0.0,0.0547722557506471,1,1,0.20000000000000018,0.0,0.0,0
7.7,88.0,7.8,92.7,-0.2999999999999998,0.0,7.94,7.840000000000001,0.13416407864995278,0.05477225575064917,0,1,0.09999999999999964,0.2999999999999998,0.0,0
7.6,88.0,7.8,91.5,-0.10000000000000053,0.0,7.860000000000001,7.82,0.19493588689615401,0.04472135955016049,0,1,0.20000000000000018,0.10000000000000053,0.0,0
7.6,88.0,7.7,90.5,0.0,-0.09999999999999964,7.779999999999999,7.779999999999999,0.2049390153191664,0.044721359550165554,1,0,0.10000000000000053,0.0,0.09999999999999964,0
7.6,88.0,7.7,89.5,0.0,0.0,7.7,7.76,0.17320508075685564,0.05477225575065721,1,1,0.10000000000000053,0.0,0.0,0
7.6,87.0,7.7,88.6,0.0,0.0,7.62,7.74,0.04472135954986387,0.0547722557506592,1,1,0.10000000000000053,0.0,0.0,0
7.6,86.0,7.7,87.8,0.0,0.0,7.6,7.720000000000001,0.0,0.04472135955017311,1,1,0.10000000000000053,0.0,0.0,0
7.6,85.0,7.7,87.0,0.0,0.0,7.6,7.7,0.0,0.0,1,1,0.10000000000000053,0.0,0.0,0
7.6,85.0,7.6,86.4,0.0,-0.10000000000000053,7.6,7.68,0.0,0.044721359550179064,1,0,0.0,0.0,0.10000000000000053,0
7.6,84.0,7.6,85.6,0.0,0.0,7.6,7.659999999999999,0.0,0.05477225575066852,1,1,0.0,0.0,0.0,0
7.6,84.0,7.5,84.7,0.0,-0.09999999999999964,7.6,7.62,0.0,0.0836660026535097,1,0,0.09999999999999964,0.0,0.09999999999999964,0
7.6,84.0,7.5,84.5,0.0,0.0,7.6,7.58,0.0,0.0836660026535124,1,1,0.09999999999999964,0.0,0.0,0
7.6,83.0,7.5,84.0,0.0,0.0,7.6,7.540000000000001,0.0,0.05477225575068092,1,1,0.09999999999999964,0.0,0.0,0
7.3,83.0,7.5,83.5,-0.2999999999999998,0.0,7.540000000000001,7.5200000000000005,0.134164078649941,0.044721359550199714,0,1,0.20000000000000018,0.2999999999999998,0.0,0
7.1,82.0,7.5,83.0,-0.20000000000000018,0.0,7.4399999999999995,7.5,0.23021728866439814,0.0,0,1,0.40000000000000036,0.20000000000000018,0.0,0
7.1,82.0,7.4,82.6,0.0,-0.09999999999999964,7.340000000000001,7.4799999999999995,0.2509980079601949,0.04472135955020567,1,0,0.3000000000000007,0.0,0.09999999999999964,0
7.1,81.0,7.4,82.3,0.0,0.0,7.239999999999999,7.460000000000001,0.21908902300203256,0.05477225575069033,1,1,0.3000000000000007,0.0,0.0,0
7.1,81.0,7.4,81.9,0.0,0.0,7.140000000000001,7.44,0.0894427190999033,0.054772255750692576,1,1,0.3000000000000007,0.0,0.0,0
7.1,80.0,7.4,81.6,0.0,0.0,7.1,7.42,0.0,0.044721359550213995,1,1,0.3000000000000007,0.0,0.0,0
7.1,80.0,7.4,81.3,0.0,0.0,7.1,7.4,0.0,0.0,1,1,0.3000000000000007,0.0,0.0,0
7.1,80.0,7.3,81.0,0.0,-0.10000000000000053,7.1,7.38,0.0,0.0447213595502204,1,0,0.20000000000000018,0.0,0.10000000000000053,0
7.1,80.0,7.3,80.4,0.0,0.0,7.1,7.360000000000001,0.0,0.05477225575070264,1,1,0.20000000000000018,0.0,0.0,0
7.1,80.0,7.3,80.6,0.0,0.0,7.1,7.340000000000001,0.0,0.054772255750705066,1,1,0.20000000000000018,0.0,0.0,0
7.1,79.0,7.3,80.4,0.0,0.0,7.1,7.32,0.0,0.044721359550229337,1,1,0.20000000000000018,0.0,0.0,0
7.1,79.0,7.3,80.1,0.0,0.0,7.1,7.3,0.0,0.0,1,1,0.20000000000000018,0.0,0.0,0
7.1,78.0,7.2,79.6,0.0,-0.09999999999999964,7.1,7.279999999999999,0.0,0.0447213595502344,1,0,0.10000000000000053,0.0,0.09999999999999964,0
7.1,78.0,7.2,79.7,0.0,0.0,7.1,7.26,0.0,0.05477225575071343,1,1,0.10000000000000053,0.0,0.0,0
7.1,77.0,7.2,79.6,0.0,0.0,7.1,7.24,0.0,0.05477225575071541,1,1,0.10000000000000053,0.0,0.0,0
7.1,77.0,7.2,79.4,0.0,0.0,7.1,7.220000000000001,0.0,0.044721359550241965,1,1,0.10000000000000053,0.0,0.0,0
7.1,76.0,7.2,79.3,0.0,0.0,7.1,7.2,0.0,0.0,1,1,0.10000000000000053,0.0,0.0,0
7.1,76.0,7.1,79.1,0.0,-0.10000000000000053,7.1,7.18,0.0,0.04472135955024792,1,0,0.0,0.0,0.10000000000000053,0
7.1,76.0,7.2,79.0,0.0,0.10000000000000053,7.1,7.18,0.0,0.04472135955024792,1,0,0.10000000000000053,0.0,0.10000000000000053,0
7.1,76.0,7.1,78.8,0.0,-0.10000000000000053,7.1,7.159999999999999,0.0,0.05477225575072473,1,0,0.0,0.0,0.10000000000000053,0
7.1,76.0,7.1,78.8,0.0,0.0,7.1,7.139999999999999,0.0,0.0547722557507268,1,1,0.0,0.0,0.0,0
7.1,76.0,7.1,78.7,0.0,0.0,7.1,7.119999999999999,0.0,0.04472135955025557,1,1,0.0,0.0,0.0,0
7.1,76.0,7.1,78.6,0.0,0.0,7.1,7.12,0.0,0.04472135955025557,1,1,0.0,0.0,0.0,0
7.1,75.0,7.1,78.3,0.0,0.0,7.1,7.1,0.0,0.0,1,1,0.0,0.0,0.0,0
7.1,75.0,7.0,78.3,0.0,-0.09999999999999964,7.1,7.08,0.0,0.04472135955026108,1,0,0.09999999999999964,0.0,0.09999999999999964,0
7.1,75.0,7.0,78.2,0.0,0.0,7.1,7.06,0.0,0.05477225575073558,1,1,0.09999999999999964,0.0,0.0,0
7.1,75.0,7.0,78.0,0.0,0.0,7.1,7.040000000000001,0.0,0.054772255750737825,1,1,0.09999999999999964,0.0,0.0,0
7.0,75.0,7.0,78.0,-0.09999999999999964,0.0,7.08,7.019999999999999,0.044721359549813045,0.04472135955026941,0,1,0.0,0.09999999999999964,0.0,0
6.7,74.0,7.0,77.9,-0.2999999999999998,0.0,7.0,7.0,0.17320508075683846,0.0,0,1,0.2999999999999998,0.2999999999999998,0.0,0
6.7,74.0,7.0,77.8,0.0,0.0,6.92,7.0,0.20493901531914882,0.0,1,1,0.2999999999999998,0.0,0.0,0
6.7,74.0,7.0,77.8,0.0,0.0,6.839999999999999,7.0,0.19493588689613253,0.0,1,1,0.2999999999999998,0.0,0.0,0
6.7,74.0,7.0,77.7,0.0,0.0,6.76,7.0,0.13416407864991764,0.0,1,1,0.2999999999999998,0.0,0.0,0
6.7,74.0,6.9,77.3,0.0,-0.09999999999999964,6.7,6.9799999999999995,0.0,0.04472135955027536,1,0,0.20000000000000018,0.0,0.09999999999999964,0
6.7,74.0,6.9,77.6,0.0,0.0,6.7,6.959999999999999,0.0,0.054772255750747234,1,1,0.20000000000000018,0.0,0.0,0
6.7,73.0,6.9,77.5,0.0,0.0,6.7,6.94,0.0,0.05477225575074948,1,1,0.20000000000000018,0.0,0.0,0
6.7,73.0,6.9,77.4,0.0,0.0,6.7,6.92,0.0,0.04472135955028369,1,1,0.20000000000000018,0.0,0.0,0
6.7,73.0,6.9,77.4,0.0,0.0,6.7,6.9,0.0,0.0,1,1,0.20000000000000018,0.0,0.0,0
6.7,73.0,6.9,77.4,0.0,0.0,6.7,6.9,0.0,0.0,1,1,0.20000000000000018,0.0,0.0,0
6.7,73.0,6.9,77.3,0.0,0.0,6.7,6.9,0.0,0.0,1,1,0.20000000000000018,0.0,0.0,0
6.7,73.0,6.9,77.3,0.0,0.0,6.7,6.9,0.0,0.0,1,1,0.20000000000000018,0.0,0.0,0
6.7,73.0,6.8,77.2,0.0,-0.10000000000000053,6.7,6.88,0.0,0.04472135955029009,1,0,0.09999999999999964,0.0,0.10000000000000053,0
6.7,72.0,6.8,77.1,0.0,0.0,6.7,6.860000000000001,0.0,0.054772255750759544,1,1,0.09999999999999964,0.0,0.0,0
6.7,72.0,6.8,77.0,0.0,0.0,6.7,6.840000000000001,0.0,0.05477225575076197,1,1,0.09999999999999964,0.0,0.0,0
6.7,72.0,6.8,76.9,0.0,0.0,6.7,6.82,0.0,0.04472135955029903,1,1,0.09999999999999964,0.0,0.0,0
6.7,72.0,6.8,76.8,0.0,0.0,6.7,6.8,0.0,0.0,1,1,0.09999999999999964,0.0,0.0,0
6.7,72.0,6.8,76.7,0.0,0.0,6.7,6.8,0.0,0.0,1,1,0.09999999999999964,0.0,0.0,0
6.7,72.0,6.8,76.6,0.0,0.0,6.7,6.8,0.0,0.0,1,1,0.09999999999999964,0.0,0.0,0
6.7,72.0,6.8,76.6,0.0,0.0,6.7,6.8,0.0,0.0,1,1,0.09999999999999964,0.0,0.0,0
6.7,72.0,6.8,76.5,0.0,0.0,6.7,6.8,0.0,0.0,1,1,0.09999999999999964,0.0,0.0,0
6.7,72.0,6.8,76.4,0.0,0.0,6.7,6.8,0.0,0.0,1,1,0.09999999999999964,0.0,0.0,0
6.7,72.0,6.7,76.3,0.0,-0.09999999999999964,6.7,6.779999999999999,0.0,0.044721359550304096,1,0,0.0,0.0,0.09999999999999964,0
6.7,72.0,6.7,76.3,0.0,0.0,6.7,6.76,0.0,0.054772255750770334,1,1,0.0,0.0,0.0,0
6.7,72.0,6.8,78.2,0.0,0.09999999999999964,6.7,6.76,0.0,0.054772255750770334,1,0,0.09999999999999964,0.0,0.09999999999999964,0
6.7,74.0,6.9,80.9,0.0,0.10000000000000053,6.7,6.779999999999999,0.0,0.08366600265357245,1,0,0.20000000000000018,0.0,0.10000000000000053,0
7.1,76.0,7.2,83.6,0.39999999999999947,0.2999999999999998,6.779999999999999,6.860000000000001,0.17888543819993094,0.2073644135333416,0,0,0.10000000000000053,0.39999999999999947,0.2999999999999998,0
8.0,94.0,8.03687736368073,100.0,0.0,0.02954855707237565,8.0,8.03687736368073,0.32093613071763777,0.10954451150097617,0,0,0.03687736368073047,0.5,0.1999999999999993,1
8.3,76.0,8.385034683674455,79.8,0.3,0.3,8.3,8.385034683674455,0.0,0.04472135954999592,1,1,0.08503468367445421,0.0,0.0,1
8.6,76.0,8.741694346165854,80.7,0.3,0.3,8.6,8.741694346165854,0.0,0.05477225575050808,1,1,0.1416943461658544,0.0,0.0,1
8.9,94.0,8.987328965071521,100.0,0.3,0.3,8.9,8.987328965071521,0.21908902300208472,0.2701851217221153,1,0,0.08732896507152077,0.0,0.1999999999999993,1
9.2,90.0,9.243522733731272,98.3,0.3,0.3,9.2,9.243522733731272,0.17888543819996083,0.054772255750636115,1,1,0.04352273373127247,0.0,0.0,1
9.5,91.0,9.28698638961986,100.0,0.3,0.3,9.5,9.28698638961986,0.21908902300205144,0.05477225575062963,1,1,0.21301361038013944,0.0,0.0,1
9.8,94.0,9.901359741343846,100.0,0.3,0.3,9.8,9.901359741343846,0.31937438845344,0.2387467277262459,0,0,0.1013597413438454,0.40000000000000036,0.09999999999999964,1
10.1,76.0,10.285443335751541,80.4,0.3,0.3,10.1,10.285443335751541,0.0,0.044721359549987835,1,0,0.18544333575154148,0.0,0.10000000000000053,1
10.4,76.0,10.582726936293033,79.8,0.3,0.3,10.4,10.582726936293033,0.0,0.04472135954999592,1,1,0.18272693629303305,0.0,0.0,1
10.7,77.0,10.600011889746945,80.9,0.3,0.3,10.7,10.600011889746945,0.0,0.05477225575051608,1,1,0.09998811025305443,0.0,0.0,1
11.0,78.0,11.292300501928256,81.0,0.3,0.3,11.0,11.292300501928256,0.0,0.07071067811865618,1,0,0.2923005019282563,0.0,0.10000000000000142,1
11.3,81.0,11.14873259324805,82.2,0.3,0.3,11.3,11.14873259324805,0.0,0.0,1,1,0.15126740675195016,0.0,0.0,1
11.6,91.0,11.847792153654968,99.9,0.3,0.3,11.6,11.847792153654968,0.21908902300204983,0.07071067811874449,1,0,0.24779215365496832,0.0,0.09999999999999964,1
11.9,91.0,11.81465844560663,100.0,0.3,0.3,11.9,11.81465844560663,0.21908902300205144,0.05477225575062963,1,1,0.08534155439336999,0.0,0.0,1
12.2,91.0,12.113294622316909,99.9,0.3,0.3,12.2,12.113294622316909,0.21908902300204983,0.07071067811874449,1,0,0.08670537768309039,0.0,0.09999999999999964,1
12.5,76.0,12.419124982090596,80.5,0.3,0.3,12.5,12.419124982090596,0.17888543819998223,0.044721359549985844,1,1,0.08087501790940443,0.0,0.0,1
12.8,75.0,12.780815360914145,79.3,0.3,0.3,12.8,12.780815360914145,0.0,0.05477225575052091,1,1,0.019184639085855437,0.0,0.0,1
13.1,74.0,13.208231685083346,78.9,0.3,0.3,13.1,13.208231685083346,0.0,0.04472135955000545,1,1,0.10823168508334646,0.0,0.0,1
13.399999999999999,80.0,13.176607455095183,81.7,0.3,0.3,13.399999999999999,13.176607455095183,0.0,0.054772255750516176,1,1,0.22339254490481508,0.0,0.0,1
13.7,78.0,13.825076830305171,81.0,0.3,0.3,13.7,13.825076830305171,0.04472135954999136,0.05477225575051879,1,1,0.12507683030517214,0.0,0.0,1
14.0,92.0,13.988468133387554,100.0,0.3,0.3,14.0,13.988468133387554,0.0,0.10000000000005406,1,1,0.01153186661244554,0.0,0.0,1
14.3,75.0,14.096588661675344,79.4,0.3,0.3,14.3,14.096588661675344,0.1341640786499849,0.05477225575052055,1,1,0.2034113383246563,0.0,0.0,1
14.6,75.0,14.594525562032151,79.7,0.3,0.3,14.6,14.594525562032151,0.0,0.0,1,1,0.005474437967848189,0.0,0.0,1
14.899999999999999,75.0,14.732204612676641,79.4,0.3,0.3,14.899999999999999,14.732204612676641,0.1341640786499849,0.05477225575052055,1,1,0.1677953873233573,0.0,0.0,1
15.2,94.0,15.236570539307044,100.0,0.3,0.3,15.2,15.236570539307044,0.2190890230020856,0.2387467277262505,1,0,0.03657053930704457,0.0,0.20000000000000107,1
15.5,76.0,15.471500079397142,79.8,0.3,0.3,15.5,15.471500079397142,0.0,0.04472135954999592,1,1,0.028499920602857998,0.0,0.0,1
15.8,80.0,15.817445381485223,81.8,0.3,0.3,15.8,15.817445381485223,0.0,0.07071067811865529,1,0,0.017445381485222455,0.0,0.09999999999999964,1
16.1,75.0,16.061378179434072,79.2,0.3,0.3,16.1,16.061378179434072,0.0,0.04472135955000176,1,1,0.038621820565929,0.0,0.0,1
16.4,90.0,16.357252084143248,98.3,0.3,0.3,16.4,16.357252084143248,0.17888543819996083,0.054772255750636115,1,1,0.04274791585675075,0.0,0.0,1
16.7,78.0,16.583201713382138,81.2,0.3,0.3,16.7,16.583201713382138,0.20493901531919168,0.07071067811865689,1,0,0.11679828661786118,0.0,0.09999999999999964,1
8.0,75.0,7.783751220134531,79.3,0.0,0.06843622682623748,8.0,7.783751220134531,0.0,0.05477225575052091,1,1,0.2162487798654693,0.0,0.0,1
8.5,76.0,8.386321555377448,80.5,0.5,0.5,8.5,8.386321555377448,0.17888543819998223,0.044721359549985844,1,1,0.11367844462255228,0.0,0.0,1
9.0,74.0,8.847423849104757,78.7,0.5,0.5,9.0,8.847423849104757,0.0,0.044721359550006994,1,0,0.1525761508952428,0.0,0.09999999999999964,1
9.5,80.0,9.391987327761036,81.8,0.5,0.5,9.5,9.391987327761036,0.0,0.07071067811865529,1,0,0.1080126722389636,0.0,0.09999999999999964,1
10.0,76.0,9.76787854004344,80.6,0.5,0.5,10.0,9.76787854004344,0.0,0.05477225575050771,1,1,0.2321214599565593,0.0,0.0,1
10.5,75.0,10.329156260389718,79.3,0.5,0.5,10.5,10.329156260389718,0.0,0.05477225575052091,1,1,0.17084373961028199,0.0,0.0,1
11.0,76.0,10.841827426896371,80.6,0.5,0.5,11.0,10.841827426896371,0.0,0.05477225575050771,1,1,0.15817257310362898,0.0,0.0,1
11.5,75.0,11.553952240375006,79.2,0.5,0.5,11.5,11.553952240375006,0.0,0.0,1,1,0.0539522403750059,0.0,0.0,1
12.0,76.0,12.232096915642048,80.0,0.5,0.5,12.0,12.232096915642048,0.0,0.04472135954999223,1,1,0.23209691564204782,0.0,0.0,1
12.5,76.0,12.67998033400929,80.5,0.5,0.5,12.5,12.67998033400929,0.17888543819998223,0.044721359549985844,1,1,0.17998033400929003,0.0,0.0,1
13.0,81.0,12.897834109642059,82.4,0.5,0.5,13.0,12.897834109642059,0.0,0.0,1,1,0.10216589035794144,0.0,0.0,1
13.5,75.0,13.448363598214248,79.2,0.5,0.5,13.5,13.448363598214248,0.0,0.04472135955000176,1,1,0.05163640178575157,0.0,0.0,1
14.0,80.0,14.188081353834562,81.8,0.5,0.5,14.0,14.188081353834562,0.0,0.07071067811865529,1,0,0.18808135383456204,0.0,0.09999999999999964,1
14.5,76.0,14.448999087538743,80.4,0.5,0.5,14.5,14.448999087538743,0.0,0.044721359549987835,1,0,0.05100091246125693,0.0,0.10000000000000053,1
15.0,74.0,15.04449961380557,78.7,0.5,0.5,15.0,15.04449961380557,0.0,0.054772255750526494,1,1,0.04449961380556999,0.0,0.0,1
15.5,74.0,15.316181219677372,79.0,0.5,0.5,15.5,15.316181219677372,0.0,0.0547722557505242,1,1,0.18381878032262833,0.0,0.0,1
16.0,80.0,15.976227516042632,81.5,0.5,0.5,16.0,15.976227516042632,0.0,0.08366600265340672,1,1,0.02377248395736764,0.0,0.0,1
16.5,73.0,16.47150750215969,78.3,0.5,0.5,16.5,16.47150750215969,0.0,0.0447213595500118,1,0,0.02849249784031116,0.0,0.10000000000000053,1
17.0,78.0,16.737083705916035,81.0,0.5,0.5,17.0,16.737083705916035,0.04472135954999136,0.05477225575051879,1,1,0.2629162940839649,0.0,0.0,1
17.5,78.0,17.398509125579363,81.0,0.5,0.5,17.5,17.398509125579363,0.04472135954999136,0.05477225575051879,1,1,0.10149087442063731,0.0,0.0,1
18.0,76.0,17.92226492637019,80.0,0.5,0.5,18.0,17.92226492637019,0.0,0.05477225575051597,1,1,0.07773507362981036,0.0,0.0,1
18.5,80.0,18.877233683652715,82.1,0.5,0.5,18.5,18.877233683652715,0.0,0.05773502691896365,1,0,0.37723368365271526,0.0,0.10000000000000142,1
19.0,90.0,19.159489994757074,96.6,0.5,0.5,19.0,19.159489994757074,0.0,0.054772255750638106,1,1,0.15948999475707382,0.0,0.0,1
19.5,79.0,19.52665791759956,81.2,0.5,0.5,19.5,19.52665791759956,0.0,0.054772255750516176,1,1,0.026657917599560932,0.0,0.0,1
8.0,73.0,7.952317021623128,78.4,0.0,-0.04945216736786603,8.0,7.952317021623128,0.0,0.0,1,1,0.047682978376871965,0.0,0.0,1
8.8,75.0,8.93697483990921,79.4,0.8,0.8,8.8,8.93697483990921,0.21908902300206554,0.04472135954999862,0,1,0.13697483990920922,0.3000000000000007,0.0,1
9.6,73.0,9.75908022355369,78.4,0.8,0.8,9.6,9.75908022355369,0.0,0.0,1,1,0.15908022355369056,0.0,0.0,1
10.4,73.0,10.246384610660273,78.2,0.8,0.8,10.4,10.246384610660273,0.0,0.05477225575053069,1,0,0.15361538933972696,0.0,0.10000000000000053,1
11.2,92.0,11.319891944188226,100.0,0.8,0.8,11.2,11.319891944188226,0.2190890230020599,0.1303840481040867,1,1,0.11989194418822713,0.0,0.0,1
12.0,94.0,12.272034455086848,100.0,0.8,0.8,12.0,12.272034455086848,0.31937438845344,0.2387467277262459,0,0,0.27203445508684787,0.40000000000000036,0.09999999999999964,1
12.8,76.0,13.028102375766323,80.7,0.8,0.8,12.8,13.028102375766323,0.0,0.05477225575050808,1,1,0.22810237576632275,0.0,0.0,1
13.600000000000001,74.0,13.71588122577786,78.6,0.8,0.8,13.600000000000001,13.71588122577786,0.0,0.05477225575052712,1,1,0.11588122577785853,0.0,0.0,1
14.4,74.0,14.277784487810097,78.5,0.8,0.8,14.4,14.277784487810097,0.0,0.0,1,1,0.12221551218990356,0.0,0.0,1
15.2,75.0,14.90379667914789,79.3,0.8,0.8,15.2,14.90379667914789,0.0,0.05477225575052091,1,1,0.29620332085210954,0.0,0.0,1
16.0,93.0,16.461418593010624,100.0,0.8,0.8,16.0,16.461418593010624,0.3000000000000078,0.24083189157585105,1,0,0.4614185930106238,0.0,0.09999999999999964,1
16.8,92.0,16.903088290130736,100.0,0.8,0.8,16.8,16.903088290130736,0.1788854381999712,0.11401754250995867,1,0,0.10308829013073506,0.0,0.09999999999999964,1
17.6,76.0,17.66625923814306,80.6,0.8,0.8,17.6,17.66625923814306,0.0,0.05477225575050771,1,1,0.06625923814305779,0.0,0.0,1
18.4,80.0,18.258963300661716,82.0,0.8,0.8,18.4,18.258963300661716,0.0,0.05773502691896365,1,1,0.141036699338283,0.0,0.0,1
19.200000000000003,76.0,19.149931821739102,80.7,0.8,0.8,19.200000000000003,19.149931821739102,0.0,0.05477225575050808,1,1,0.05006817826090071,0.0,0.0,1
20.0,78.0,20.05079026825469,81.2,0.8,0.8,20.0,20.05079026825469,0.20493901531919168,0.07071067811865689,1,0,0.050790268254690574,0.0,0.09999999999999964,1
20.8,73.0,20.648245970336056,78.2,0.8,0.8,20.8,20.648245970336056,0.0,0.05477225575053069,1,0,0.15175402966394458,0.0,0.10000000000000053,1
21.6,76.0,21.744250331922185,80.5,0.8,0.8,21.6,21.744250331922185,0.17888543819998223,0.044721359549984505,0,0,0.1442503319221835,0.40000000000000036,0.09999999999999964,1
22.4,74.0,22.23218892462388,78.2,0.8,0.8,22.4,22.23218892462388,0.0,0.0,1,1,0.16781107537611817,0.0,0.0,1
23.200000000000003,80.0,23.24563790418683,81.8,0.8,0.8,23.200000000000003,23.24563790418683,0.0,0.05477225575051763,1,1,0.045637904186826006,0.0,0.0,1
24.0,74.0,23.75294580570046,78.7,0.8,0.8,24.0,23.75294580570046,0.0,0.054772255750526494,1,1,0.24705419429954034,0.0,0.0,1
24.8,93.0,24.8566342256679,100.0,0.8,0.8,24.8,24.8566342256679,0.20000000000000048,0.20736441353329227,1,0,0.05663422566789933,0.0,0.09999999999999964,1
25.6,80.0,25.701627974988096,82.0,0.8,0.8,25.6,25.701627974988096,0.0,0.05773502691896365,1,1,0.1016279749880944,0.0,0.0,1
26.400000000000002,76.0,26.355675599934134,80.0,0.8,0.8,26.400000000000002,26.355675599934134,0.0,0.05477225575051597,1,1,0.04432440006586802,0.0,0.0,1
27.200000000000003,73.0,27.04040368640062,78.2,0.8,0.8,27.200000000000003,27.04040368640062,0.0,0.05477225575053069,1,0,0.15959631359938342,0.0,0.10000000000000053,1
28.0,77.0,28.005460723326667,80.9,0.8,0.8,28.0,28.005460723326667,0.0,0.05477225575051608,1,1,0.0054607233266672495,0.0,0.0,1
28.8,76.0,28.85756156626579,80.0,0.8,0.8,28.8,28.85756156626579,0.0,0.05477225575051276,1,1,0.057561566265789565,0.0,0.0,1
29.6,80.0,29.54234172491929,81.8,0.8,0.8,29.6,29.54234172491929,0.0,0.07071067811865529,1,0,0.057658275080711974,0.0,0.09999999999999964,1
30.400000000000002,73.0,30.25710843551568,78.2,0.8,0.8,30.400000000000002,30.25710843551568,0.0,0.05477225575053069,1,0,0.14289156448432294,0.0,0.10000000000000053,1
31.200000000000003,74.0,31.283521692980454,78.5,0.8,0.8,31.200000000000003,31.283521692980454,0.0,0.0,1,1,0.08352169298045098,0.0,0.0,1
12.362977116185396,80.0,12.170483178713262,81.8,0.01032031900500422,0.010961465421945316,12.362977116185396,12.170483178713262,0.0,0.05477225575051763,1,1,0.1924939374721344,0.0,0.0,1
13.1850577777236,76.0,13.209979939840073,80.1,0.024266614845413287,0.03160056886375627,13.1850577777236,13.209979939840073,0.0,0.044721359549990625,1,0,0.024922162116473245,0.0,0.09999999999999964,1
13.27106386415268,91.0,13.441751991243416,100.0,-0.0483398992918429,-0.0197099181661488,13.27106386415268,13.441751991243416,0.1788854381999668,0.08366600265347922,0,1,0.17068812709073633,0.40000000000000036,0.0,1
11.748452190333234,75.0,11.628628629125709,79.4,0.015960570915440064,-0.007743940898771409,11.748452190333234,11.628628629125709,0.1341640786499849,0.05477225575052055,1,1,0.11982356120752513,0.0,0.0,1
11.450277068682631,94.0,11.362386158655708,100.0,0.009976660532581151,0.04603787282735272,11.450277068682631,11.362386158655708,0.21908902300208472,0.2701851217221153,1,0,0.08789091002692295,0.0,0.1999999999999993,1
12.385152410819211,74.0,12.208030948407966,79.0,-0.007156255795778298,-0.0336612021850522,12.385152410819211,12.208030948407966,0.0,0.0547722557505242,1,1,0.17712146241124493,0.0,0.0,1
12.241026636497086,94.0,12.45354307034732,100.0,-0.029554316232864843,-0.040362579164687974,12.241026636497086,12.45354307034732,0.32093613071763777,0.10954451150097617,0,0,0.21251643385023478,0.5,0.1999999999999993,1
10.68603540222698,74.0,10.35273144549834,78.7,0.02030280002562021,0.016506993648243512,10.68603540222698,10.35273144549834,0.0,0.054772255750526494,1,1,0.33330395672863844,0.0,0.0,1
14.603422931734826,74.0,14.301786388546642,78.5,0.042718697336098496,0.023828975142450484,14.603422931734826,14.301786388546642,0.0,0.0,1,1,0.30163654318818445,0.0,0.0,1
14.38116017966319,91.0,14.411933402459397,100.0,-0.023443798803408314,0.04763368615763042,14.38116017966319,14.411933402459397,0.21908902300205144,0.05477225575062963,1,1,0.030773222796206312,0.0,0.0,1
13.825961102160509,93.0,13.832146349670591,100.0,-0.04991305107129201,-0.04128716208470782,13.825961102160509,13.832146349670591,0.2880972058177687,0.2863564212655285,0,0,0.0061852475100820925,0.40000000000000036,0.09999999999999964,1
10.725291181820232,93.0,11.172513787037188,100.0,0.01323200728997967,-0.014923886396771828,10.725291181820232,11.172513787037188,0.2966479394838292,0.2073644135332897,0,0,0.44722260521695567,0.1999999999999993,0.09999999999999964,1
12.919813217989446,74.0,12.681683694191669,79.0,-0.03273777078483351,0.04065857473361499,12.919813217989446,12.681683694191669,0.0,0.05477225575052375,1,1,0.2381295237977774,0.0,0.0,1
14.585737722445167,90.0,14.509341319704875,96.6,0.018577348077573747,0.0016578333970160425,14.585737722445167,14.509341319704875,0.0,0.054772255750638106,1,1,0.07639640274029169,0.0,0.0,1
10.914152931080006,76.0,10.678280240180005,80.2,-0.035499150034671405,0.019569514694784185,10.914152931080006,10.678280240180005,0.0,0.04472135954998953,1,1,0.23587269090000085,0.0,0.0,1
14.592239542229152,80.0,14.23421865370414,81.8,0.030650973868380865,-0.018072134184384372,14.592239542229152,14.23421865370414,0.0,0.07071067811865529,1,0,0.35802088852501157,0.0,0.09999999999999964,1
13.80223118266507,75.0,13.681989763612478,79.3,0.025616501051468066,-0.04867301439927066,13.80223118266507,13.681989763612478,0.0,0.05477225575052091,1,1,0.12024141905259178,0.0,0.0,1
11.017471722326196,81.0,11.382403473685487,82.2,-0.011116439023045911,-0.0011662837431719725,11.017471722326196,11.382403473685487,0.0,0.0,1,1,0.36493175135929157,0.0,0.0,1
11.025007415675974,93.0,10.94905431761277,100.0,0.027183799017871532,0.0015045115268882067,11.025007415675974,10.94905431761277,0.3000000000000078,0.24083189157585105,1,0,0.07595309806320394,0.0,0.09999999999999964,1
13.671989961330787,90.0,13.985574081086442,98.3,0.0031015940839338244,-0.04469979364179732,13.671989961330787,13.985574081086442,0.17888543819996083,0.054772255750636115,1,1,0.3135841197556548,0.0,0.0,1
11.148698971640233,92.0,11.016539250855958,100.0,0.009762201805893343,0.03077915565126832,11.148698971640233,11.016539250855958,0.21908902300205826,0.11401754250995555,1,0,0.13215972078427463,0.0,0.10000000000000142,1
14.587075857366727,76.0,14.68191195796211,80.5,0.01022817032605873,0.005134332305290812,14.587075857366727,14.68191195796211,0.17888543819998223,0.044721359549985844,1,1,0.09483610059538172,0.0,0.0,1
13.269981383264444,76.0,13.48550415488352,80.4,-0.033389876041760885,0.02050576049047151,13.269981383264444,13.48550415488352,0.0,0.044721359549987835,1,0,0.21552277161907618,0.0,0.10000000000000053,1
14.478673334497406,91.0,14.478575157169326,100.0,0.02151345381266652,0.018875431013180552,14.478673334497406,14.478575157169326,0.21908902300205144,0.05477225575062963,1,1,9.817732808059532e-05,0.0,0.0,1
12.194678570776535,73.0,12.183232249708631,79.0,0.011982629647940266,0.017713203722875395,12.194678570776535,12.183232249708631,0.0,0.05477225575053069,1,0,0.011446321067904108,0.0,0.10000000000000053,1
10.643314615952315,75.0,10.886699694506273,79.6,0.02929842648785823,0.04495669262953415,10.643314615952315,10.886699694506273,0.0,0.05477225575051798,1,1,0.24338507855395797,0.0,0.0,1
14.062851619764176,94.0,14.4263085459306,100.0,0.029458493050402726,-0.03790710827993979,14.062851619764176,14.4263085459306,0.21679483388680823,0.1414213562372665,1,0,0.36345692616642467,0.0,0.10000000000000142,1
11.327308598750486,78.0,11.475826468303637,81.0,-0.04947279346661015,0.021208135050489366,11.327308598750486,11.475826468303637,0.04472135954999136,0.05477225575051879,1,1,0.14851786955315127,0.0,0.0,1
13.536728906614066,76.0,13.713917009246234,80.7,0.0205866661074732,-0.0448509375992322,13.536728906614066,13.713917009246234,0.0,0.05477225575050808,1,1,0.17718810263216866,0.0,0.0,1
14.869844788667908,78.0,14.588599637091656,81.0,0.03733207192089229,-0.0125159854267912,14.869844788667908,14.588599637091656,0.04472135954999136,0.05477225575051879,1,1,0.2812451515762522,0.0,0.0,1
8.0,92.0,7.880263141701886,100.0,0.0,0.07353004376389081,8.0,7.880263141701886,0.21908902300206234,0.15811388300844442,0,0,0.11973685829811398,0.40000000000000036,0.09999999999999964,1
8.6,94.0,8.75699315093114,100.0,0.6,0.6,8.6,8.75699315093114,0.2190890230020856,0.2387467277262505,1,0,0.15699315093113952,0.0,0.20000000000000107,1
9.2,74.0,9.047876477886465,78.7,0.6,0.6,9.2,9.047876477886465,0.0,0.044721359550006994,1,0,0.1521235221135342,0.0,0.09999999999999964,1
8.6,94.0,8.405186270571512,100.0,0.2,0.2,8.6,8.405186270571512,0.2489979919597896,0.28635642126552074,0,0,0.1948137294284873,0.3000000000000007,0.1999999999999993,1
9.6,74.0,9.422673719041061,78.7,0.4,0.4,9.6,9.422673719041061,0.0,0.054772255750526494,1,1,0.17732628095893865,0.0,0.0,1
11.0,76.0,10.845307630972535,80.2,0.6,0.6,11.0,10.845307630972535,0.0,0.04472135954998953,1,1,0.1546923690274653,0.0,0.0,1
11.6,74.0,11.179262382664303,78.7,0.6,0.6,11.6,11.179262382664303,0.0,0.054772255750526494,1,1,0.42073761733569626,0.0,0.0,1
9.4,76.0,9.99166731929387,80.0,0.2,0.2,9.4,9.99166731929387,0.0,0.05477225575051597,1,1,0.5916673192938688,0.0,0.0,1
9.6,74.0,9.865412495665607,78.5,0.2,0.2,9.6,9.865412495665607,0.0,0.0,1,1,0.26541249566560765,0.0,0.0,1
13.399999999999999,75.0,13.515090687291057,79.4,0.6,0.6,13.399999999999999,13.515090687291057,0.1341640786499849,0.05477225575052055,1,1,0.1150906872910582,0.0,0.0,1
12.0,92.0,12.075178990994301,100.0,0.4,0.4,12.0,12.075178990994301,0.21908902300205826,0.11401754250995555,1,0,0.07517899099430103,0.0,0.10000000000000142,1
10.2,91.0,9.938195355238351,99.9,0.2,0.2,10.2,9.938195355238351,0.21908902300204983,0.07071067811874449,1,0,0.2618046447616482,0.0,0.09999999999999964,1
10.4,76.0,10.461950897622287,80.0,0.2,0.2,10.4,10.461950897622287,0.0,0.04472135954999422,1,0,0.061950897622287115,0.0,0.10000000000000053,1
13.2,75.0,13.110650141938915,79.6,0.4,0.4,13.2,13.110650141938915,0.0,0.05477225575051798,1,1,0.08934985806108386,0.0,0.0,1
16.4,78.0,16.21071886265414,81.0,0.6,0.6,16.4,16.21071886265414,0.04472135954999136,0.05477225575051879,1,1,0.1892811373458585,0.0,0.0,1
8.6,76.0,8.41520874436894,80.7,0.6,0.6,8.6,8.41520874436894,0.0,0.05477225575050808,1,1,0.18479125563106003,0.0,0.0,1
8.2,92.0,7.998060593547645,100.0,0.2,0.2,8.2,7.998060593547645,0.21908902300205826,0.11401754250995555,1,0,0.20193940645235386,0.0,0.10000000000000142,1
14.8,78.0,14.381735003833542,81.0,0.4,0.4,14.8,14.381735003833542,0.04472135954999136,0.05477225575051879,1,1,0.4182649961664584,0.0,0.0,1
12.2,76.0,12.128223762892123,80.3,0.6,0.6,12.2,12.128223762892123,0.0,0.05477225575051075,1,1,0.07177623710787628,0.0,0.0,1
19.4,90.0,19.187055981971,98.3,0.6,0.6,19.4,19.187055981971,0.17888543819996083,0.054772255750636115,1,1,0.21294401802899898,0.0,0.0,1
8.0,74.0,8.090842346750875,78.6,0.0,-0.08189191919922942,8.0,8.090842346750875,0.0,0.05477225575052712,1,1,0.09084234675087544,0.0,0.0,1
9.0,94.0,8.892489319472624,100.0,0.2,0.2,9.0,8.892489319472624,0.2190890230020856,0.2387467277262505,1,0,0.10751068052737622,0.0,0.20000000000000107,1
10.4,78.0,10.461500262937472,81.2,0.6,0.6,10.4,10.461500262937472,0.20493901531919168,0.07071067811865689,1,0,0.06150026293747146,0.0,0.09999999999999964,1
11.6,93.0,11.617245074424279,100.0,0.6,0.6,11.6,11.617245074424279,0.2683281572999802,0.22360679774998807,0,0,0.01724507442427914,0.1999999999999993,0.20000000000000107,1
9.2,79.0,9.688362010825704,81.4,0.6,0.6,9.2,9.688362010825704,0.13416407864998758,0.05477225575051879,0,1,0.4883620108257052,0.3000000000000007,0.0,1
10.0,76.0,10.085636724378569,80.7,0.2,0.2,10.0,10.085636724378569,0.0,0.05477225575050808,1,1,0.08563672437856873,0.0,0.0,1
12.8,76.0,12.351352897215978,80.5,0.6,0.6,12.8,12.351352897215978,0.21908902300206584,0.05477225575050791,1,1,0.4486471027840224,0.0,0.0,1
10.0,76.0,9.97315665684276,80.4,0.4,0.4,10.0,9.97315665684276,0.0,0.044721359549987835,1,0,0.026843343157240795,0.0,0.10000000000000053,1
10.8,79.0,11.031184550741926,81.4,0.4,0.4,10.8,11.031184550741926,0.0,0.07071067811865547,1,0,0.23118455074192568,0.0,0.09999999999999964,1
12.0,75.0,12.174552526653596,79.6,0.4,0.4,12.0,12.174552526653596,0.08944271909998905,0.05477225575051835,0,1,0.17455252665359566,0.1999999999999993,0.0,1
8.0,80.0,7.925595982800699,82.0,0.0,0.010393919045368098,8.0,7.925595982800699,0.0,0.05773502691896365,1,1,0.07440401719930101,0.0,0.0,1
12.2,76.0,12.231998923527302,80.4,0.6,0.6,12.2,12.231998923527302,0.0,0.044721359549987835,1,0,0.03199892352730238,0.0,0.10000000000000053,1
8.0,92.0,7.830964493429047,100.0,0.0,-0.10218154973008371,8.0,7.830964493429047,0.1788854381999712,0.11401754250995867,1,0,0.16903550657095323,0.0,0.09999999999999964,1
13.399999999999999,73.0,13.117870585939311,79.0,0.6,0.6,13.399999999999999,13.117870585939311,0.0,0.05477225575053069,1,0,0.28212941406068737,0.0,0.10000000000000053,1
9.2,78.0,9.306007368806249,81.0,0.2,0.2,9.2,9.306007368806249,0.0,0.07071067811865618,1,0,0.1060073688062495,0.0,0.10000000000000142,1
9.8,77.0,10.003882342335272,80.8,0.6,0.6,9.8,10.003882342335272,0.0,0.054772255750511055,1,1,0.20388234233527136,0.0,0.0,1
11.2,89.0,11.155202418344285,94.9,0.2,0.2,11.2,11.155202418344285,0.0,0.07071067811875234,1,0,0.04479758165571468,0.0,0.10000000000000053,1
12.2,94.0,12.377025969523645,100.0,0.6,0.6,12.2,12.377025969523645,0.21679483388680823,0.1414213562372665,1,0,0.1770259695236458,0.0,0.10000000000000142,1
9.6,76.0,9.43315872352056,80.0,0.2,0.2,9.6,9.43315872352056,0.0,0.04472135954999223,1,1,0.16684127647944003,0.0,0.0,1
8.4,93.0,8.370225246128905,100.0,0.4,0.4,8.4,8.370225246128905,0.3000000000000078,0.24083189157585105,1,0,0.029774753871095072,0.0,0.09999999999999964,1
8.8,79.0,8.90015178897131,81.3,0.2,0.2,8.8,8.90015178897131,0.1949358868961792,0.05477225575051915,0,1,0.10015178897130994,0.09999999999999964,0.0,1
9.0,74.0,8.822000339500736,78.9,0.2,0.2,9.0,8.822000339500736,0.0,0.04472135955000545,1,1,0.17799966049926397,0.0,0.0,1
8.8,73.0,8.803010043015869,79.0,0.4,0.4,8.8,8.803010043015869,0.0,0.05477225575053069,1,0,0.003010043015867936,0.0,0.10000000000000053,1
9.4,90.0,9.358041673275869,96.6,0.2,0.2,9.4,9.358041673275869,0.0,0.054772255750638106,1,1,0.04195832672413147,0.0,0.0,1
10.0,76.0,10.049406223313724,80.0,0.4,0.4,10.0,10.049406223313724,0.0,0.05477225575051276,1,1,0.04940622331372424,0.0,0.0,1
13.399999999999999,92.0,13.32759083376198,100.0,0.6,0.6,13.399999999999999,13.32759083376198,0.0,0.10000000000005406,1,1,0.0724091662380193,0.0,0.0,1
8.4,80.0,8.594650671480712,81.6,0.2,0.2,8.4,8.594650671480712,0.0,0.08366600265340672,1,0,0.19465067148071213,0.0,0.09999999999999964,1
9.2,92.0,9.446063990832359,100.0,0.4,0.4,9.2,9.446063990832359,0.0,0.10000000000005406,1,1,0.24606399083235964,0.0,0.0,1
9.2,90.0,8.959898855009063,96.6,0.6,0.6,9.2,8.959898855009063,0.0,0.054772255750638106,1,1,0.24010114499093582,0.0,0.0,1
13.399999999999999,75.0,13.226189113641896,79.1,0.6,0.6,13.399999999999999,13.226189113641896,0.0,0.0,1,1,0.17381088635810293,0.0,0.0,1
8.4,75.0,8.298391587504916,79.6,0.2,0.2,8.4,8.298391587504916,0.0,0.05477225575051798,1,1,0.10160841249508401,0.0,0.0,1
8.6,94.0,8.560753790168945,100.0,0.2,0.2,8.6,8.560753790168945,0.21679483388680823,0.21213203435593808,1,0,0.0392462098310542,0.0,0.1999999999999993,1
11.2,75.0,10.972951554632395,79.6,0.2,0.2,11.2,10.972951554632395,0.08944271909998905,0.05477225575051835,0,1,0.22704844536760405,0.1999999999999993,0.0,1
10.0,75.0,9.905530215262198,79.7,0.4,0.4,10.0,9.905530215262198,0.0,0.044721359549997015,1,0,0.09446978473780199,0.0,0.09999999999999964,1
10.8,76.0,10.536483948674796,80.5,0.2,0.2,10.8,10.536483948674796,0.21908902300206584,0.05477225575050755,1,1,0.2635160513252046,0.0,0.0,1
12.2,76.0,12.23471453083791,80.7,0.6,0.6,12.2,12.23471453083791,0.0,0.05477225575050808,1,1,0.03471453083791154,0.0,0.0,1
8.0,94.0,8.364551379323776,100.0,0.0,-0.06031951587358893,8.0,8.364551379323776,0.32093613071763777,0.10954451150097617,0,0,0.36455137932377646,0.5,0.1999999999999993,1
8.0,76.0,8.088853680097014,80.2,0.0,0.2609303284800463,8.0,8.088853680097014,0.0,0.04472135954998953,1,1,0.08885368009701367,0.0,0.0,1
12.0,75.0,11.852120777324116,79.4,0.4,0.4,12.0,11.852120777324116,0.1341640786499849,0.05477225575052055,1,1,0.1478792226758845,0.0,0.0,1
8.6,92.0,8.605926842623251,100.0,0.2,0.2,8.6,8.605926842623251,0.21908902300206234,0.15811388300844442,0,0,0.005926842623251716,0.40000000000000036,0.09999999999999964,1
11.6,90.0,11.55187611830096,98.3,0.6,0.6,11.6,11.55187611830096,0.17888543819996083,0.054772255750636115,1,1,0.04812388169903947,0.0,0.0,1
12.0,75.0,12.074129445655142,79.3,0.4,0.4,12.0,12.074129445655142,0.0,0.05477225575052091,1,1,0.07412944565514223,0.0,0.0,1
15.2,94.0,15.029601255141243,100.0,0.4,0.4,15.2,15.029601255141243,0.32093613071763777,0.10954451150097617,0,0,0.1703987448587565,0.5,0.1999999999999993,1
9.2,80.0,9.410251224522522,81.5,0.2,0.2,9.2,9.410251224522522,0.0,0.08366600265340672,1,1,0.21025122452252276,0.0,0.0,1
15.2,81.0,15.359760904626643,86.1,0.4,0.4,15.2,15.359760904626643,0.22360679774997735,0.6058052492344387,0,0,0.15976090462664416,0.5,1.2999999999999998,1
10.2,76.0,10.093443225375093,80.0,0.2,0.2,10.2,10.093443225375093,0.0,0.05477225575051597,1,1,0.10655677462490587,0.0,0.0,1
8.8,73.0,8.684354434888844,78.3,0.4,0.4,8.8,8.684354434888844,0.0,0.0447213595500118,1,0,0.11564556511115676,0.0,0.10000000000000053,1
8.6,89.0,8.3538034092553,93.9,0.6,0.6,8.6,8.3538034092553,0.0,0.0547722557506471,1,1,0.2461965907446988,0.0,0.0,1
12.8,79.0,12.79846865943518,81.2,0.6,0.6,12.8,12.79846865943518,0.0,0.054772255750516176,1,1,0.0015313405648207379,0.0,0.0,1
15.8,94.0,15.732315597866961,100.0,0.6,0.6,15.8,15.732315597866961,0.2190890230020856,0.2387467277262505,1,0,0.06768440213303961,0.0,0.20000000000000107,1
8.6,76.0,8.679925877237714,80.7,0.6,0.6,8.6,8.679925877237714,0.0,0.05477225575050808,1,1,0.07992587723771472,0.0,0.0,1
12.4,74.0,12.378295916304145,78.6,0.4,0.4,12.4,12.378295916304145,0.0,0.04472135955000937,1,1,0.021704083695855303,0.0,0.0,1
9.2,74.0,9.17807800527007,78.6,0.6,0.6,9.2,9.17807800527007,0.0,0.05477225575052712,1,1,0.021921994729929395,0.0,0.0,1
8.2,94.0,8.749917361963949,100.0,0.2,0.2,8.2,8.749917361963949,0.2190890230020856,0.2387467277262505,1,0,0.5499173619639492,0.0,0.20000000000000107,1
8.8,76.0,9.134211405208951,79.8,0.2,0.2,8.8,9.134211405208951,0.0,0.05477225575051641,1,1,0.33421140520895065,0.0,0.0,1
17.0,93.0,16.87921289405862,100.0,0.6,0.6,17.0,16.87921289405862,0.2880972058177687,0.2863564212655285,0,0,0.12078710594137831,0.40000000000000036,0.09999999999999964,1
9.6,75.0,9.29849596007649,79.2,0.4,0.4,9.6,9.29849596007649,0.0,0.0,1,1,0.3015040399235094,0.0,0.0,1
11.4,78.0,11.431535057753797,81.0,0.2,0.2,11.4,11.431535057753797,0.0,0.07071067811865618,1,0,0.03153505775379628,0.0,0.10000000000000142,1
9.8,76.0,9.465003591718379,80.2,0.2,0.2,9.8,9.465003591718379,0.0,0.04472135954998953,1,1,0.33499640828162214,0.0,0.0,1
9.4,73.0,9.347272418188949,78.2,0.2,0.2,9.4,9.347272418188949,0.0,0.05477225575053069,1,0,0.05272758181105175,0.0,0.10000000000000053,1
8.0,74.0,8.097424566444461,78.5,0.0,-0.12558147027213393,8.0,8.097424566444461,0.0,0.0,1,1,0.09742456644446129,0.0,0.0,1
10.4,75.0,10.736832709108862,79.2,0.4,0.4,10.4,10.736832709108862,0.0,0.04472135955000176,1,1,0.33683270910886165,0.0,0.0,1
12.8,76.0,12.671658007381538,80.7,0.4,0.4,12.8,12.671658007381538,0.0,0.05477225575050808,1,1,0.1283419926184628,0.0,0.0,1
9.2,89.0,9.429334798807435,94.9,0.4,0.4,9.2,9.429334798807435,0.0,0.07071067811875234,1,0,0.2293347988074359,0.0,0.10000000000000053,1
10.4,74.0,10.231897281657995,78.9,0.2,0.2,10.4,10.231897281657995,0.0,0.0,1,1,0.16810271834200563,0.0,0.0,1
8.0,92.0,8.216166846817094,100.0,0.0,-0.13859783441915782,8.0,8.216166846817094,0.0,0.11401754250996406,1,0,0.21616684681709408,0.0,0.09999999999999964,1
9.2,94.0,9.128521054530104,100.0,0.6,0.6,9.2,9.128521054530104,0.31937438845344,0.2387467277262459,0,0,0.0714789454698952,0.40000000000000036,0.09999999999999964,1
12.0,74.0,12.15217153259216,78.7,0.4,0.4,12.0,12.15217153259216,0.0,0.054772255750526494,1,1,0.15217153259215976,0.0,0.0,1
17.6,76.0,17.09617175846041,80.5,0.6,0.6,17.6,17.09617175846041,0.21908902300206584,0.05477225575050755,1,1,0.5038282415395905,0.0,0.0,1
9.8,78.0,9.896644228703918,81.1,0.2,0.2,9.8,9.896644228703918,0.17320508075688718,0.05477225575051915,1,1,0.09664422870391753,0.0,0.0,1
8.0,74.0,8.129977188445551,78.7,0.0,-0.03617947306840244,8.0,8.129977188445551,0.0,0.044721359550006994,1,0,0.12997718844555095,0.0,0.09999999999999964,1
14.6,80.0,14.644521842363588,81.7,0.6,0.6,14.6,14.644521842363588,0.0,0.054772255750516176,1,1,0.04452184236358825,0.0,0.0,1
8.8,74.0,8.693574089234502,78.7,0.2,0.2,8.8,8.693574089234502,0.0,0.044721359550006994,1,0,0.10642591076549834,0.0,0.09999999999999964,1
9.2,75.0,9.032424819708845,79.4,0.6,0.6,9.2,9.032424819708845,0.21908902300206554,0.04472135954999862,0,1,0.1675751802911538,0.3000000000000007,0.0,1
14.0,75.0,14.316007884882222,79.1,0.6,0.6,14.0,14.316007884882222,0.0,0.0,1,1,0.31600788488222165,0.0,0.0,1
21.799999999999997,80.0,22.15343638609933,81.8,0.6,0.6,21.799999999999997,22.15343638609933,0.0,0.07071067811865529,1,0,0.35343638609933237,0.0,0.09999999999999964,1
-21.303450874589316,93.0,7.628752044247037,100.0,-4.533463753772691,0.25503962354989473,9.499999999999998,9.16,1.8359939487825887,0.24083189157585105,0,0,28.932202918836353,0.0,0.09999999999999964,2
52.045964625031466,77.0,8.40412425438492,80.9,-1.3100807367731884,0.303211942599995,8.0,8.24,1.8760994904750148,0.05477225575051608,0,0,43.64184037064655,0.0,0.0,2
-27.81206490790757,75.0,6.447791885215027,79.6,2.514266320117332,-0.21439616591999347,7.6,7.56,2.569665424112327,0.05477225575051798,0,0,34.259856793122594,0.0,0.0,2
58.7470953086754,80.0,9.446894678536303,81.5,-0.12319288845569432,0.1915515453152048,8.4,8.58,2.0197311457219382,0.08366600265340672,0,0,49.300200630139095,0.0,0.0,2
56.4955749575344,78.0,7.104051581272628,81.2,3.1280563079833197,-0.17646596675754922,8.180000000000001,8.4,2.1883391100730085,0.07071067811865689,0,0,49.39152337626177,0.0,0.09999999999999964,2
52.796853414721575,75.0,9.639659019571285,79.7,2.8694565857964216,0.22640170699327566,7.6,7.58,2.4525972473101585,0.044721359549997015,0,0,43.15719439515029,0.0,0.09999999999999964,2
-24.430085083675237,75.0,7.420423929112843,79.6,2.37105595800376,0.07000788322932196,7.6,7.56,2.9447824191227854,0.05477225575051798,0,0,31.85050901278808,0.0,0.0,2
-28.766437685299742,73.0,9.832106471254157,78.2,4.752454937491603,0.043156837810880255,7.1,7.159999999999999,1.8299192661510686,0.05477225575053069,0,0,38.5985441565539,0.0,0.10000000000000053,2
-20.797785795253834,74.0,8.353298304177162,79.0,4.458722457231168,-0.40042410244325827,7.1,7.340000000000001,2.9056824164248427,0.0547722557505242,0,0,29.151084099430996,0.0,0.0,2
56.06724631520909,81.0,9.539831813529037,82.2,2.854783994840462,0.2397879557067164,8.4,8.8,2.676736805998246,0.0,0,0,46.527414501680056,0.0,0.0,2
-17.224636976518802,79.0,6.5888716393993665,81.4,-3.126729571966086,-0.1752679474398144,8.4,8.5,1.7400080221022363,0.07071067811865547,0,0,23.813508615918167,0.0,0.09999999999999964,2
-21.98158445103695,79.0,7.809737933723159,81.4,-1.4041340090129948,0.04901113344207687,8.4,8.5,1.5404703833259428,0.07071067811865547,0,0,29.79132238476011,0.0,0.09999999999999964,2
45.99198639367787,75.0,9.962933672103873,79.6,0.9451795337182078,-0.0985699218191409,7.56,7.539999999999999,1.781198609522946,0.05477225575051835,0,0,36.029052721574,0.1999999999999993,0.0,2
46.73668237497762,94.0,8.672088884941152,100.0,-3.729199150457055,-0.09067142558878684,9.919999999999998,9.68,2.141508592990289,0.28635642126552074,0,0,38.064593490036465,0.3000000000000007,0.1999999999999993,2
57.33841496633178,77.0,6.837592046794252,80.8,0.513969818834604,-0.2463829966210112,8.0,8.16,1.541216298330699,0.054772255750511055,0,0,50.50082291953753,0.0,0.0,2
52.579928092587295,76.0,9.165733191108684,80.4,3.6846710710494985,0.06044914096523855,7.6,7.88,2.5535213635310123,0.044721359549987835,0,0,43.41419490147861,0.0,0.10000000000000053,2
47.93473359540738,76.0,9.595214557593339,80.5,0.21973159726159874,-0.045181063314999215,7.76,7.94,2.0852515391614617,0.05477225575050791,0,0,38.33951903781404,0.0,0.0,2
51.34956489604335,73.0,9.20371264653734,78.2,-1.5602436579522063,0.04970364198124619,7.1,7.159999999999999,2.7236210307465587,0.05477225575053069,0,0,42.14585224950601,0.0,0.10000000000000053,2
51.43113997222246,75.0,7.0426474186726375,79.2,4.288874454178405,-0.2021775206138956,7.1,7.4,2.375946955557672,0.0,0,0,44.388492553549824,0.0,0.0,2
48.713861290481056,77.0,7.096326221401837,80.8,-2.654909931432561,0.08233456523818028,8.0,8.139999999999999,1.7845599623551747,0.05477225575051069,0,0,41.61753506907922,0.0,0.0,2
46.82915391728229,80.0,7.158624677813974,81.6,0.6852497680149741,-0.019346156069674783,8.4,8.62,1.7552186156461589,0.08366600265340672,0,0,39.670529239468316,0.0,0.09999999999999964,2
56.60415726614694,93.0,6.503235306631504,100.0,4.257755860053731,-0.14972869659703686,9.8,10.1,1.7263689819686716,0.5099019513592685,0,0,50.10092195951544,0.09999999999999964,0.0,2
51.18373617469028,75.0,6.278146314909129,79.6,2.1458504876004234,-0.022296649912506572,7.56,7.539999999999999,1.8103156126117692,0.05477225575051835,0,0,44.90558985978115,0.1999999999999993,0.0,2
-18.467685938243964,75.0,6.517414920202822,79.4,4.428596727403127,-0.03195063259932092,7.459999999999999,7.5200000000000005,1.7504731305345629,0.04472135954999862,0,0,24.985100858446785,0.3000000000000007,0.0,2
48.68732650499245,94.0,7.559704025322709,100.0,-2.634488631574917,0.10596578171747595,9.919999999999998,9.68,2.1688146863640303,0.28635642126552074,0,0,41.12762247966974,0.3000000000000007,0.1999999999999993,2
-23.058632411519778,80.0,8.987358864405147,81.8,1.8094152575558242,-0.27927449884951144,8.4,8.7,2.1581573491043105,0.07071067811865529,0,0,32.045991275924926,0.0,0.09999999999999964,2
-28.527955322717826,74.0,6.638733928266424,78.2,-3.69716574091832,-0.02668892446851607,7.1,7.2,2.4123810212249897,0.0,0,0,35.16668925098425,0.0,0.0,2
-19.570763832477034,79.0,6.427849454540436,81.4,2.7140192050041376,-0.06246928194193957,8.4,8.5,1.9486216019194844,0.07071067811865547,0,0,25.99861328701747,0.0,0.09999999999999964,2
56.37603509079567,73.0,8.651833549978974,78.3,2.7522513537010562,-0.11015426183364892,7.1,7.18,2.3701135404701974,0.0447213595500118,0,0,47.72420154081669,0.0,0.10000000000000053,2
58.14551508733814,77.0,8.010144268272514,80.9,-4.231969005484121,-0.1746950955085903,8.0,8.24,1.5387167427647495,0.05477225575051608,0,0,50.13537081906563,0.0,0.0,2
48.31123445689491,94.0,7.280392929277963,100.0,-2.6869472092920397,0.3099846622797443,10.420000000000002,10.4,2.5153555505509795,0.1414213562372665,0,0,41.03084152761694,0.0,0.10000000000000142,2
-22.495449893320803,77.0,9.615902486485163,80.8,-4.802938883976559,-0.13352252688519883,8.0,8.139999999999999,2.077929996984036,0.05477225575051069,0,0,32.111352379805965,0.0,0.0,2
-27.77697298179985,75.0,8.128803879077937,79.4,2.509202637059415,-0.14265570559323748,7.26,7.4799999999999995,2.392290483539454,0.044721359550000166,0,0,35.905776860877786,0.0,0.09999999999999964,2
-17.705567400665608,73.0,6.137315992827055,79.0,-3.9930544649073676,0.013085882665642173,7.1,7.159999999999999,2.761107484497439,0.05477225575053069,0,0,23.842883393492663,0.0,0.10000000000000053,2
-25.794533511054496,94.0,7.742181012907727,100.0,-2.4216608459912226,-0.42532511920488725,10.34,10.42,1.9686648985396242,0.10954451150097617,0,0,33.536714523962225,0.5,0.1999999999999993,2
47.266241459487695,76.0,8.050321073004678,80.0,3.9013205533827424,-0.7853554251872206,7.6,7.720000000000001,2.3757184550234616,0.04472135954999223,0,0,39.21592038648302,0.0,0.0,2
56.54577947136126,74.0,6.836322772007391,78.7,-0.9218395874742633,0.12262594822915991,7.1,7.279999999999999,1.7038622417784148,0.044721359550006994,0,0,49.709456699353865,0.0,0.09999999999999964,2
54.834350546762664,93.0,7.933004956141433,100.0,2.8762152622800388,0.023505298992469417,9.499999999999998,9.16,1.9874680268097222,0.24083189157585105,0,0,46.90134559062123,0.0,0.09999999999999964,2
-25.5596003006025,74.0,7.690446168828656,78.9,-4.395716594186978,0.057352024367355064,7.1,7.32,2.2151422457851324,0.04472135955000545,0,0,33.250046469431155,0.0,0.0,2
-24.855425625409975,76.0,8.68156809849804,80.5,3.3877239764892533,0.29508153899735673,7.76,7.94,1.594281917436875,0.05477225575050791,0,0,33.53699372390801,0.0,0.0,2
46.682094426565094,92.0,9.405840051122007,100.0,-1.6621461726184483,0.010144803915179992,8.559999999999999,8.34,2.3989404238413625,0.11401754250995555,0,0,37.27625437544309,0.0,0.10000000000000142,2
48.58484872724075,75.0,8.65859695825025,79.4,-0.11698009589261016,-0.08125789176757897,7.359999999999999,7.5,1.8562826847430836,0.0,0,0,39.9262517689905,0.0,0.0,2
48.81229019759998,80.0,6.579801988868995,82.0,2.3521210858707615,-0.22321078610278394,8.4,8.75,1.613331718616144,0.05773502691896365,0,0,42.232488208730985,0.0,0.0,2
57.06951046090971,75.0,8.638767317864149,79.6,4.83783408416757,0.12836153991363916,7.6,7.56,2.4309950003111975,0.05477225575051798,0,0,48.43074314304556,0.0,0.0,2
-28.889165970298826,74.0,9.859549994382041,79.1,-4.136842366243416,0.03106220712460446,7.1,7.380000000000001,2.277668265192494,0.04472135955000375,0,0,38.74871596468087,0.0,0.10000000000000053,2
-25.1831180130932,76.0,8.717973548300552,80.5,-3.427493938349635,0.14143273165424486,7.840000000000001,7.959999999999999,2.4566183852886456,0.05477225575050755,0,0,33.901091561393756,0.0,0.0,2
-16.989155119542446,80.0,7.948062995412824,81.7,-4.726055644991992,-0.31461540388869197,8.4,8.66,2.691567327888957,0.054772255750516176,0,0,24.93721811495527,0.0,0.0,2
-15.717215740055032,74.0,8.882941814698269,78.5,-1.5504488553441584,-0.3176406563791625,7.1,7.2,1.729769422017168,0.0,0,0,24.600157554753302,0.0,0.0,2
-25.65346540072794,94.0,7.511578209911727,100.0,-4.461370680844854,0.02515780242334849,9.919999999999998,9.68,2.126805327375263,0.28635642126552074,0,0,33.165043610639664,0.3000000000000007,0.1999999999999993,2
59.816332176756205,91.0,8.023260861350337,99.9,-2.9665740274363284,-0.2693046444750641,8.16,8.0,2.096331732353778,0.07071067811874449,0,0,51.79307131540587,0.0,0.09999999999999964,2
-17.759553928091357,79.0,7.466825544472938,81.4,-2.196554334917087,0.4626910998113136,8.34,8.459999999999999,2.3903012500615337,0.05477225575051879,0,0,25.226379472564297,0.3000000000000007,0.0,2
46.24350346884737,92.0,8.216618898216339,100.0,1.9131475518584313,-0.12470805730242857,8.760000000000002,8.5,2.947548061596991,0.15811388300844442,0,0,38.02688457063103,0.40000000000000036,0.09999999999999964,2
59.4189371121734,75.0,8.417403749964507,79.4,4.196247793104673,-0.14713331043760416,7.26,7.4799999999999995,2.6278228954560374,0.044721359550000166,0,0,51.001533362208896,0.0,0.09999999999999964,2
-17.949648617558417,80.0,9.571621486050223,82.0,-2.657213907610332,0.11123732325375463,8.4,8.75,1.892545803966336,0.05773502691896365,0,0,27.52127010360864,0.0,0.0,2
-28.712351364719506,76.0,7.128849590997268,80.5,4.4815996289059505,-0.20269062448495623,8.0,8.02,2.4994533059701265,0.044721359549984505,0,0,35.84120095571677,0.0,0.0,2
-20.104923956362875,78.0,6.562117684028667,81.0,-3.8880160184230563,0.05042166031014642,8.0,8.26,2.9658425961589128,0.054772255750517335,0,0,26.667041640391542,0.0,0.0,2
49.74219541589005,77.0,6.418393455430328,80.7,-0.16441347415010377,0.12053510523537492,8.0,8.1,2.631279574651673,0.0707106781186492,0,0,43.323801960459726,0.0,0.09999999999999964,2
-29.74461542569935,94.0,9.3537889002382,100.0,-4.025332260050533,-0.17440594129769924,9.919999999999998,9.68,2.216556487082696,0.28635642126552074,0,0,39.09840432593755,0.3000000000000007,0.1999999999999993,2
-29.565131196993605,92.0,9.307416627422338,100.0,-0.6897474840556033,-0.03241142449997863,8.4,8.2,2.1566586723787267,0.10000000000005406,0,0,38.872547824415946,0.0,0.0,2
-16.337333921579933,73.0,8.964840535734856,78.3,1.5031427754286213,0.28299935851876007,7.1,7.18,1.5764715009141335,0.0447213595500118,0,0,25.30217445731479,0.0,0.10000000000000053,2
56.14809475400798,76.0,8.396808323898346,79.8,0.27604706754166664,0.2181731858434077,7.6,7.619999999999999,2.5542049548193395,0.04472135954999592,0,0,47.75128643010963,0.0,0.0,2
-22.80409683259905,94.0,8.432078016657924,100.0,2.217315595272461,0.09721001947043804,10.420000000000002,10.4,2.7944191185887126,0.1414213562372665,0,0,31.236174849256976,0.0,0.10000000000000142,2
-23.968360890467565,78.0,9.441897017256151,81.0,-1.6466382104482982,0.1171708975918949,8.02,8.34,2.685846462779277,0.05477225575051879,0,0,33.41025790772372,0.0,0.0,2
-29.543493635444257,80.0,8.51326838453054,81.6,4.1466038243183245,0.056643296264859956,8.4,8.62,2.4467027518668565,0.08366600265340672,0,0,38.0567620199748,0.0,0.09999999999999964,2
-25.205528032497668,90.0,7.617400057926475,98.3,-0.42876014511623417,0.11239243566635591,8.08,7.960000000000001,2.713973927057551,0.054772255750636115,0,0,32.82292809042414,0.0,0.0,2
55.83444846701849,73.0,7.27293092789699,79.0,4.432310050527876,0.02957357944417012,7.1,7.159999999999999,1.9039793390257262,0.05477225575053069,0,0,48.561517539121496,0.0,0.10000000000000053,2
47.1754907765666,93.0,7.599434050314526,100.0,2.9589661080785703,-0.06379987201558948,9.64,9.319999999999999,2.566179026364658,0.2863564212655285,0,0,39.57605672625207,0.40000000000000036,0.09999999999999964,2
52.86087573194956,75.0,9.185023727684989,79.2,0.46346258465218604,-0.14544328528675102,7.1,7.4,2.2323805817232736,0.0,0,0,43.67585200426457,0.0,0.0,2
-27.248516397468265,74.0,7.573712732926328,78.6,-0.17295100826394982,-0.014454114046789075,7.1,7.24,2.088822383216267,0.05477225575052712,0,0,34.82222913039459,0.0,0.0,2
47.42524706854044,74.0,8.238133544308159,78.9,2.9838024643368026,-0.08845703253846383,7.1,7.32,1.956138436714017,0.04472135955000545,0,0,39.18711352423229,0.0,0.0,2
11.172152408275439,74.0,7.595712739184396,79.0,1.145372552450028,0.13499842549761265,7.1,7.359999999999999,0.0,0.05477225575052375,0,0,3.5764396690910427,0.0,0.0,2
13.288448608868025,78.0,7.172741152803348,81.0,-0.4304194780876158,-0.12509218213756845,8.0,8.26,0.0,0.054772255750517335,0,0,6.115707456064677,0.0,0.0,2
11.860871883028356,74.0,8.33361867929368,78.2,-1.1013976498219713,0.22259014422801943,7.1,7.2,0.0,0.0,0,0,3.5272532037346753,0.0,0.0,2
13.37164372084741,78.0,7.868673707572315,81.0,-0.1242233972773854,-0.09195068621221464,8.0,8.3,0.0,0.07071067811865618,0,0,5.502970013275096,0.0,0.10000000000000142,2
13.17903804182939,73.0,7.681899619713796,78.2,-0.7883458430212413,0.12870323766278913,7.1,7.159999999999999,0.0,0.05477225575053069,0,0,5.497138422115594,0.0,0.10000000000000053,2
14.79197545035264,81.0,8.095697721339606,82.4,0.9670689308360894,-0.09167164388614815,8.4,8.8,0.0,0.0,0,0,6.696277729013033,0.0,0.0,2
11.586677541739693,91.0,7.197621264963627,99.9,-1.4354807795475288,-0.2047292457627949,8.16,8.0,0.21908902300204983,0.07071067811874449,0,0,4.389056276776066,0.0,0.09999999999999964,2
11.361526204858752,74.0,8.03540403845544,78.2,-0.9748961004142869,0.08242909220298411,7.1,7.2,0.0,0.0,0,0,3.3261221664033123,0.0,0.0,2
11.43500060627155,89.0,7.899590208596152,94.9,-0.49757714545694753,0.159051581572006,8.0,7.9,0.0,0.07071067811875234,0,0,3.535410397675399,0.0,0.10000000000000053,2
14.197082800250646,74.0,7.834928695117769,78.6,-1.5164103264056563,-0.2638860303513431,7.1,7.24,0.0,0.05477225575052712,0,0,6.362154105132877,0.0,0.0,2
13.234906198103335,76.0,7.980610577839498,80.0,0.9932679218436435,-0.2568543686703022,7.6,7.76,0.0,0.05477225575051276,0,0,5.254295620263838,0.0,0.0,2
12.102614811564301,77.0,7.042911543692368,80.9,1.4836942698983742,0.14114632066823773,8.0,8.2,0.0,0.07071067811865221,0,0,5.059703267871933,0.0,0.09999999999999964,2
11.693073356638788,75.0,7.814141798132159,79.1,1.5249300092778086,-0.28819339633241425,7.1,7.4,0.0,0.0,0,0,3.878931558506629,0.0,0.0,2
12.170301256446582,80.0,7.382415792120925,82.1,0.52012979387999,0.08587248356567345,8.4,8.766666666666667,0.0,0.05773502691896365,0,0,4.787885464325656,0.0,0.10000000000000142,2
11.620579515386426,76.0,7.550744516238277,80.2,1.8989784822375277,-0.07023798757571292,7.6,7.82,0.0,0.04472135954998953,0,0,4.069834999148149,0.0,0.0,2
14.571322517204678,94.0,8.177321287142004,100.0,-0.4807373901761731,0.04530970024846975,10.14,10.02,0.2190890230020856,0.2387467277262505,0,0,6.394001230062674,0.0,0.20000000000000107,2
12.039475124204369,75.0,7.471923112582025,79.4,-1.6421413923568355,0.1494447591885565,7.359999999999999,7.5,0.25099800796022187,0.0,0,0,4.567552011622344,0.0,0.0,2
12.252599874049363,75.0,7.4117903251961845,79.6,1.165604572904963,0.14101434923917527,7.56,7.539999999999999,0.08944271909998905,0.05477225575051835,0,0,4.840809548853178,0.1999999999999993,0.0,2
12.801415082226283,74.0,8.264003176482033,78.7,-0.8133062543159455,0.2546594273110309,7.1,7.279999999999999,0.0,0.044721359550006994,0,0,4.53741190574425,0.0,0.09999999999999964,2
13.705393262215892,89.0,7.077464752727809,93.9,0.7040163017983607,0.2590349464880893,8.0,7.860000000000001,0.0,0.0547722557506471,0,0,6.6279285094880835,0.0,0.0,2
14.523186096444869,77.0,7.815303863896237,80.9,-0.13904787118433637,0.06069289299418584,8.0,8.2,0.0,0.07071067811865221,0,0,6.707882232548632,0.0,0.09999999999999964,2
12.438969666636755,74.0,7.990056176005093,78.5,0.06274345466796571,-0.1592167535345573,7.1,7.3,0.0,0.0,0,0,4.448913490631662,0.0,0.0,2
14.380566124547368,77.0,7.4155391568286175,80.7,-1.89466585951884,-0.011595048696465549,8.0,8.1,0.0,0.0707106781186492,0,0,6.96502696771875,0.0,0.09999999999999964,2
14.658087520229463,74.0,7.589483862122223,78.9,-1.8639901306900382,0.22345671196002864,7.1,7.32,0.0,0.04472135955000545,0,0,7.06860365810724,0.0,0.0,2
11.704007445470337,94.0,7.478508021391542,100.0,-0.5716481039595056,-0.12700414778173633,10.420000000000002,10.4,0.21679483388680823,0.1414213562372665,0,0,4.225499424078795,0.0,0.10000000000000142,2
13.958833213667626,76.0,7.298489016675378,80.0,0.8512575075116602,0.16061496905018974,7.6,7.76,0.0,0.05477225575051276,0,0,6.660344196992248,0.0,0.0,2
11.771782770802682,76.0,7.886377807365978,80.0,-1.2782357916467375,-0.18471950237929133,7.6,7.659999999999999,0.0,0.05477225575051597,0,0,3.885404963436704,0.0,0.0,2
12.491752863145205,93.0,7.607580352322625,100.0,0.1116927630709621,0.16709610601166064,9.499999999999998,9.16,0.3000000000000078,0.24083189157585105,0,0,4.88417251082258,0.0,0.09999999999999964,2
11.325776848738645,93.0,8.173419939312728,100.0,1.805521013118296,0.1765729681923614,9.499999999999998,9.16,0.3000000000000078,0.24083189157585105,0,0,3.152356909425917,0.0,0.09999999999999964,2
11.311399923192443,75.0,7.550908414043363,79.6,0.16989788299114794,0.00013279625865070255,7.56,7.539999999999999,0.08944271909998905,0.05477225575051835,0,0,3.7604915091490803,0.1999999999999993,0.0,2
12.198508747418577,76.0,7.064349910730248,79.8,-0.5495434754000099,0.17095215008686704,7.6,7.639999999999999,0.0,0.05477225575051641,0,0,5.1341588366883295,0.0,0.0,2
13.019673662247015,76.0,7.7043638625524835,80.7,-1.344387702064945,-0.015975724646004663,8.0,8.059999999999999,0.0,0.05477225575050808,0,0,5.315309799694532,0.0,0.0,2
11.095957261743376,74.0,7.527582552463639,78.5,0.8385610063665179,0.11318925617745651,7.1,7.2,0.0,0.0,0,0,3.5683747092797367,0.0,0.0,2
14.260820288226824,73.0,7.874383806583584,78.4,-1.4779080883564122,0.05149964749730196,7.1,7.2,0.0,0.0,0,0,6.386436481643241,0.0,0.0,2
12.387377584316521,75.0,7.009409101538061,79.4,-0.014854930111958264,0.21278247486702712,7.359999999999999,7.5,0.25099800796022187,0.0,0,0,5.37796848277846,0.0,0.0,2
11.311376146713382,92.0,7.314057614624408,100.0,-1.9058724083090328,0.08154552280757116,8.4,8.139999999999999,0.0,0.11401754250996406,0,0,3.9973185320889737,0.0,0.09999999999999964,2
12.17735714298027,74.0,7.9306602999767986,78.9,0.6915897095384187,-0.24271411770644158,7.1,7.32,0.0,0.04472135955000545,0,0,4.2466968430034715,0.0,0.0,2
12.684315280807693,81.0,7.836949454431106,82.2,1.3608704997018584,0.01735348417036997,8.4,8.8,0.0,0.0,0,0,4.8473658263765875,0.0,0.0,2
14.26797835584155,75.0,7.5396348556288055,79.6,1.4808618513231462,-0.15587622784544217,7.6,7.56,0.0,0.05477225575051798,0,0,6.728343500212744,0.0,0.0,2
11.17400856230197,92.0,7.858168148980921,100.0,0.04935278922544839,-0.20057700307534032,8.4,8.2,0.0,0.10000000000005406,0,0,3.315840413321048,0.0,0.0,2
12.158407770932138,74.0,7.416159492164127,78.6,-0.50521526022027,0.25840322740532556,7.1,7.24,0.0,0.05477225575052712,0,0,4.742248278768011,0.0,0.0,2
12.130219239147214,74.0,7.167618478385052,78.5,-0.18944481273910174,0.29363620773785953,7.1,7.3,0.0,0.0,0,0,4.962600760762163,0.0,0.0,2
12.205312831868088,76.0,8.057049501406958,80.0,0.9565952992206075,0.19003960409141174,7.6,7.68,0.0,0.04472135954999422,0,0,4.1482633304611305,0.0,0.10000000000000053,2
12.299529700852865,74.0,8.441024955783249,78.2,1.7031770636077872,0.1106332663961393,7.1,7.2,0.0,0.0,0,0,3.8585047450696166,0.0,0.0,2
14.645292084830135,80.0,8.11314220416959,82.1,-0.06276228346184176,0.02947266791660713,8.4,8.766666666666667,0.0,0.05773502691896365,0,0,6.532149880660546,0.0,0.10000000000000142,2
11.798480090957575,76.0,7.0241023850138875,80.5,0.6973523024317889,0.06844616829406797,7.840000000000001,7.959999999999999,0.21908902300206584,0.05477225575050755,0,0,4.774377705943688,0.0,0.0,2
14.152016712608477,75.0,8.46648140285811,79.4,1.292888581413877,0.20892655240403363,7.26,7.4799999999999995,0.23021728866442567,0.044721359550000166,0,0,5.685535309750367,0.0,0.09999999999999964,2
11.427668945273037,76.0,7.501563709857948,80.0,1.0186625156865459,-0.1762613279725261,7.6,7.74,0.0,0.05477225575051313,0,0,3.926105235415089,0.0,0.0,2
12.749170364107055,77.0,7.303366205909026,80.9,-1.7178985848840251,0.10789962330837294,8.0,8.24,0.0,0.05477225575051608,0,0,5.445804158198029,0.0,0.0,2
12.137246413704968,76.0,8.349339623571867,79.8,1.2388843175988842,0.2537322983191927,7.6,7.639999999999999,0.0,0.05477225575051641,0,0,3.7879067901331016,0.0,0.0,2
12.37190184371626,80.0,7.7758637372157855,81.8,0.9461409602747466,-0.20186085015532262,8.4,8.74,0.0,0.05477225575051763,0,0,4.596038106500475,0.0,0.0,2
13.35120575426096,81.0,8.054234454863932,86.1,0.5743531386845495,0.09002802600932941,7.2,7.419999999999999,0.22360679774997735,0.6058052492344387,0,0,5.296971299397027,0.5,1.2999999999999998,2
14.372799500739594,76.0,8.495874028408256,80.6,-1.588585098281468,0.03752389280152135,8.0,8.040000000000001,0.0,0.05477225575050771,0,0,5.876925472331338,0.0,0.0,2
12.351942907048965,91.0,8.150200637951647,100.0,-1.5807294105827934,0.05167600511295278,8.32,8.08,0.1788854381999668,0.08366600265347922,0,0,4.201742269097318,0.40000000000000036,0.0,2
14.542978356036707,76.0,7.791882405979456,79.8,-1.037266954893075,0.08247083065841115,7.6,7.639999999999999,0.0,0.05477225575051641,0,0,6.751095950057252,0.0,0.0,2
13.282507788202636,76.0,7.177012838420741,80.2,-1.3830872318195984,-0.04631680295577162,7.6,7.82,0.0,0.04472135954998953,0,0,6.105494949781895,0.0,0.0,2
14.08699688118851,74.0,7.856147061086288,78.9,-1.8353215469108028,0.11230516894670167,7.1,7.3,0.0,0.0,0,0,6.230849820102222,0.0,0.0,2
11.006278563401459,76.0,7.410061916242402,80.6,-0.46067125429222155,0.11830520300434022,8.0,8.040000000000001,0.0,0.05477225575050771,0,0,3.596216647159057,0.0,0.0,2
14.923819713454888,76.0,7.835917745824834,79.8,1.998896527681036,0.22800929047254498,7.6,7.619999999999999,0.0,0.04472135954999592,0,0,7.087901967630054,0.0,0.0,2
12.733502481758356,74.0,8.38275581062853,79.0,1.3117807083447803,0.032622469230654094,7.1,7.359999999999999,0.0,0.05477225575052375,0,0,4.350746671129826,0.0,0.0,2
13.832433796344944,76.0,7.240354446565113,80.0,0.03788526576386708,0.13218232886421105,7.6,7.68,0.0,0.04472135954999422,0,0,6.592079349779831,0.0,0.10000000000000053,2
13.389899154335874,75.0,8.473168147475326,79.4,-1.786726841417463,-0.21190544992417193,7.159999999999999,7.459999999999999,0.1341640786499849,0.05477225575052055,0,0,4.916731006860548,0.0,0.0,2
14.253718052010427,93.0,7.082491591146135,100.0,1.0833643325903375,0.07322379044180505,9.319999999999999,9.0,0.2683281572999802,0.22360679774998807,0,0,7.171226460864292,0.1999999999999993,0.20000000000000107,2
11.26501986330577,93.0,8.45374880031612,100.0,-1.51136169104339,-0.066493376251549,9.64,9.319999999999999,0.2880972058177687,0.2863564212655285,0,0,2.8112710629896505,0.40000000000000036,0.09999999999999964,2
13.128944007046858,75.0,7.9463536010167815,79.1,-1.2314477883242678,-0.025448495057747933,7.1,7.4,0.0,0.0,0,0,5.1825904060300765,0.0,0.0,2
11.626177433372908,76.0,8.485180207053759,80.0,1.3280540919505546,0.025825112268104244,7.6,7.68,0.0,0.04472135954999422,0,0,3.140997226319149,0.0,0.10000000000000053,2
14.722245759032855,77.0,7.868407380340039,80.8,1.542435770408349,-0.2674520335987201,8.0,8.16,0.0,0.054772255750511055,0,0,6.853838378692816,0.0,0.0,2
13.673180496599795,75.0,8.085250134896306,79.4,-1.073111322733875,-0.2801614498132641,7.359999999999999,7.5,0.25099800796022187,0.0,0,0,5.587930361703489,0.0,0.0,2
13.602899845378207,77.0,7.07502852811147,80.8,-0.3950566802780191,0.2883561137138851,8.0,8.16,0.0,0.054772255750511055,0,0,6.5278713172667375,0.0,0.0,2
11.403838200672999,80.0,8.020129205885643,81.8,-0.3502281301512591,-0.024157390657599476,8.4,8.74,0.0,0.05477225575051763,0,0,3.383708994787355,0.0,0.0,2
7.1,76.0,7.070449147790849,80.7,0.0,0.0015836510270956163,8.0,8.1,0.0,0.0707106781186492,1000,0,0.02955085220915077,0.0,0.09999999999999964,2
7.1,76.0,7.514692974916002,81.0,0.0,0.019106597784815566,8.0,8.3,0.0,0.07071067811865618,1000,0,0.41469297491600265,0.0,0.10000000000000142,2
7.1,76.0,7.646112703751445,80.8,0.0,0.022544096751806793,8.0,8.16,0.0,0.054772255750511055,1000,0,0.5461127037514455,0.0,0.0,2
7.1,76.0,7.555263217747656,78.7,0.0,-0.05113968507841598,7.1,7.26,0.0,0.054772255750526494,1000,0,0.45526321774765677,0.0,0.0,2
7.1,76.0,7.449112687414517,79.4,0.0,-0.08740332493794316,7.26,7.4799999999999995,0.0,0.044721359550000166,1000,0,0.3491126874145172,0.0,0.09999999999999964,2
7.1,76.0,8.383913742215842,80.3,0.0,-0.02332421814151567,7.6,7.840000000000001,0.0,0.054772255750511194,1000,0,1.2839137422158426,0.0,0.0,2
7.1,76.0,7.2599136623313925,80.5,0.0,0.01034422188524563,7.840000000000001,7.959999999999999,0.0,0.05477225575050755,1000,0,0.15991366233139281,0.0,0.0,2
7.1,76.0,7.263912999165427,79.2,0.0,0.025370611053666326,7.1,7.42,0.0,0.04472135955000176,1000,0,0.16391299916542756,0.0,0.0,2
7.1,76.0,7.85368788909187,79.1,0.0,-0.053050246768260124,7.1,7.4,0.0,0.0,1000,0,0.7536878890918706,0.0,0.0,2
7.1,76.0,7.474958867811522,78.6,0.0,-0.016993272221910622,7.1,7.220000000000001,0.0,0.04472135955000937,1000,0,0.37495886781152254,0.0,0.0,2
7.1,76.0,8.735726520377817,81.0,0.0,0.0226357792830295,8.02,8.34,0.0,0.05477225575051879,1000,0,1.6357265203778173,0.0,0.0,2
7.1,76.0,8.112065958798441,79.0,0.0,0.008911654953397796,7.1,7.340000000000001,0.0,0.0547722557505242,1000,0,1.0120659587984413,0.0,0.0,2
7.1,76.0,7.995322366476812,78.5,0.0,-0.05500391301213066,7.1,7.2,0.0,0.0,1000,0,0.8953223664768126,0.0,0.0,2
7.1,76.0,8.67450061526743,78.7,0.0,0.04188323549733175,7.1,7.26,0.0,0.054772255750526494,1000,0,1.5745006152674303,0.0,0.0,2
7.1,76.0,8.380210456725175,100.0,0.0,-0.05764643203757524,10.420000000000002,10.4,0.0,0.1414213562372665,1000,0,1.2802104567251753,0.0,0.10000000000000142,2
7.1,76.0,8.326641315165796,100.0,0.0,-0.03553584685275571,10.34,10.42,0.0,0.10954451150097617,1000,0,1.2266413151657964,0.0,0.1999999999999993,2
7.1,76.0,7.330707390145193,100.0,0.0,0.07790812307923257,8.760000000000002,8.5,0.0,0.15811388300844442,1000,0,0.23070739014519326,0.0,0.09999999999999964,2
7.1,76.0,8.344706297784267,79.7,0.0,0.03744742111822897,7.6,7.6,0.0,0.0,1000,0,1.2447062977842673,0.0,0.0,2
7.1,76.0,7.88326997086841,100.0,0.0,-0.01251424728356656,8.48,8.26,0.0,0.11401754250995867,1000,0,0.7832699708684103,0.0,0.09999999999999964,2
7.1,76.0,8.536284949187472,80.0,0.0,-0.10013462530630586,7.6,7.76,0.0,0.05477225575051276,1000,0,1.4362849491874723,0.0,0.0,2
7.1,76.0,7.698980385210634,80.0,0.0,-0.00693634242678127,7.6,7.76,0.0,0.05477225575051276,1000,0,0.5989803852106341,0.0,0.0,2
7.1,76.0,8.416184656466651,100.0,0.0,-0.0027242411861353594,9.319999999999999,9.0,0.0,0.22360679774998807,1000,0,1.3161846564666515,0.0,0.20000000000000107,2
7.1,76.0,8.722188465820723,100.0,0.0,0.022201740430441694,10.420000000000002,10.4,0.0,0.1414213562372665,1000,0,1.6221884658207237,0.0,0.10000000000000142,2
7.1,76.0,8.569297693208291,81.1,0.0,0.023471756700753937,8.1,8.360000000000001,0.0,0.05477225575051915,1000,0,1.4692976932082917,0.0,0.0,2
7.1,76.0,8.708715490095203,100.0,0.0,-0.052891066185275615,9.78,9.5,0.0,0.3162277660168361,1000,0,1.6087154900952036,0.0,0.20000000000000107,2
7.1,76.0,7.990174858367704,80.8,0.0,-0.06620844670075118,8.0,8.139999999999999,0.0,0.05477225575051069,1000,0,0.890174858367704,0.0,0.0,2
7.1,76.0,8.228983341289927,93.9,0.0,-0.011530066529279015,8.0,7.860000000000001,0.0,0.0547722557506471,1000,0,1.1289833412899277,0.0,0.0,2
7.1,76.0,8.260029477533989,79.4,0.0,0.001323190453965348,7.26,7.4799999999999995,0.0,0.044721359550000166,1000,0,1.160029477533989,0.0,0.09999999999999964,2
7.1,76.0,8.603591592191833,79.4,0.0,0.030937945581805144,7.459999999999999,7.5200000000000005,0.0,0.04472135954999862,1000,0,1.5035915921918335,0.0,0.0,2
7.1,76.0,8.766764383300945,82.2,0.0,0.017020783601359016,8.4,8.8,0.0,0.0,1000,0,1.6667643833009453,0.0,0.0,2
7.1,76.0,7.115117687384403,80.5,0.0,0.060774660186754904,7.76,7.94,0.0,0.05477225575050791,1000,0,0.015117687384403666,0.0,0.0,2
7.1,76.0,8.212520106605997,80.8,0.0,0.05588009234385488,8.0,8.16,0.0,0.054772255750511055,1000,0,1.1125201066059969,0.0,0.0,2
7.1,76.0,8.53638553374796,80.0,0.0,0.02975562453842519,7.6,7.720000000000001,0.0,0.04472135954999223,1000,0,1.436385533747961,0.0,0.0,2
7.1,76.0,7.120452747452953,81.4,0.0,0.08314449734864157,8.34,8.459999999999999,0.0,0.05477225575051879,1000,0,0.020452747452953446,0.0,0.0,2
7.1,76.0,8.19171334801705,81.0,0.0,0.007139783740458189,8.0,8.26,0.0,0.054772255750517335,1000,0,1.0917133480170502,0.0,0.0,2
7.1,76.0,8.532225334989429,100.0,0.0,0.018821967542159732,9.78,9.5,0.0,0.3162277660168361,1000,0,1.432225334989429,0.0,0.20000000000000107,2
7.1,76.0,8.057061162231975,79.4,0.0,0.03219058699004401,7.459999999999999,7.5200000000000005,0.0,0.04472135954999862,1000,0,0.9570611622319749,0.0,0.0,2
7.1,76.0,7.11427160517062,79.0,0.0,-0.13177847634339834,7.1,7.340000000000001,0.0,0.0547722557505242,1000,0,0.014271605170620205,0.0,0.0,2
7.1,76.0,8.105349422288386,78.5,0.0,0.00639119553347077,7.1,7.3,0.0,0.0,1000,0,1.0053494222883863,0.0,0.0,2
7.1,76.0,7.1952430811970505,80.5,0.0,-0.052993399938873365,7.92,7.9799999999999995,0.0,0.044721359549984505,1000,0,0.09524308119705083,0.0,0.09999999999999964,2
7.1,76.0,8.991657837597714,80.7,0.0,0.03196259577563255,8.0,8.1,0.0,0.0707106781186492,1000,0,1.8916578375977142,0.0,0.09999999999999964,2
7.1,76.0,7.4516229144206,100.0,0.0,0.009476537509719652,10.34,10.42,0.0,0.10954451150097617,1000,0,0.35162291442060045,0.0,0.1999999999999993,2
7.1,76.0,7.583378261246496,100.0,0.0,-0.04504577609130263,8.48,8.26,0.0,0.11401754250995867,1000,0,0.4833782612464965,0.0,0.09999999999999964,2
7.1,76.0,8.733565275402936,78.7,0.0,-0.02835179757480682,7.1,7.26,0.0,0.054772255750526494,1000,0,1.6335652754029368,0.0,0.0,2
7.1,76.0,7.67576530300076,81.4,0.0,0.021009260460812237,8.34,8.459999999999999,0.0,0.05477225575051879,1000,0,0.5757653030007601,0.0,0.0,2
7.1,76.0,8.636386436995272,80.5,0.0,-0.05626304992215084,7.76,7.94,0.0,0.05477225575050791,1000,0,1.5363864369952722,0.0,0.0,2
7.1,76.0,7.324782058537247,78.5,0.0,0.04693354573470427,7.1,7.3,0.0,0.0,1000,0,0.2247820585372473,0.0,0.0,2
7.1,76.0,8.334262531569868,81.2,0.0,0.006117817278516592,8.4,8.540000000000001,0.0,0.054772255750516176,1000,0,1.2342625315698683,0.0,0.0,2
7.1,76.0,7.853270037874676,80.6,0.0,-0.034886649947652934,8.0,8.040000000000001,0.0,0.05477225575050771,1000,0,0.7532700378746764,0.0,0.0,2
7.1,76.0,8.33389476835893,80.9,0.0,0.04261852108787087,8.0,8.2,0.0,0.07071067811865221,1000,0,1.2338947683589296,0.0,0.09999999999999964,2
7.1,76.0,7.274942476661183,81.1,0.0,-0.001857845227538727,8.1,8.360000000000001,0.0,0.05477225575051915,1000,0,0.17494247666118312,0.0,0.0,2
7.1,76.0,8.010197048514215,79.0,0.0,-0.007827216397486845,7.1,7.340000000000001,0.0,0.0547722557505242,1000,0,0.910197048514215,0.0,0.0,2
7.1,76.0,8.313524725256876,94.9,0.0,0.006545097669806207,8.0,7.9,0.0,0.07071067811875234,1000,0,1.2135247252568764,0.0,0.10000000000000053,2
7.1,76.0,8.777701313843625,100.0,0.0,0.06910330723236834,8.760000000000002,8.5,0.0,0.15811388300844442,1000,0,1.6777013138436256,0.0,0.09999999999999964,2
7.1,76.0,7.806802334885812,81.2,0.0,0.05148874108735179,8.180000000000001,8.4,0.0,0.07071067811865689,1000,0,0.7068023348858121,0.0,0.09999999999999964,2
7.1,76.0,7.101312201068978,81.8,0.0,0.04728120975114377,8.4,8.74,0.0,0.05477225575051763,1000,0,0.00131220106897878,0.0,0.0,2
7.1,76.0,8.727103397523699,100.0,0.0,-0.04877173914193812,9.499999999999998,9.16,0.0,0.24083189157585105,1000,0,1.6271033975236993,0.0,0.09999999999999964,2
7.1,76.0,8.988305424515119,82.4,0.0,0.02021987137432476,8.4,8.8,0.0,0.0,1000,0,1.888305424515119,0.0,0.0,2
7.1,76.0,7.174974550509999,78.7,0.0,-0.10019176468266269,7.1,7.26,0.0,0.054772255750526494,1000,0,0.07497455050999946,0.0,0.0,2
7.1,76.0,8.150918918473105,100.0,0.0,0.07992143513855297,8.64,8.42,0.0,0.1303840481040867,1000,0,1.050918918473105,0.0,0.0,2
7.1,76.0,7.845269181025264,100.0,0.0,0.05215479948213882,8.4,8.139999999999999,0.0,0.11401754250996406,1000,0,0.7452691810252645,0.0,0.09999999999999964,2
7.1,76.0,7.0742917656327355,100.0,0.0,0.059361659010019475,9.64,9.319999999999999,0.0,0.2863564212655285,1000,0,0.025708234367264104,0.0,0.09999999999999964,2
7.1,76.0,7.190622060368211,100.0,0.0,0.03636451620757564,8.32,8.08,0.0,0.08366600265347922,1000,0,0.09062206036821152,0.0,0.0,2
7.1,76.0,7.1408512855718005,100.0,0.0,0.09167070229084778,8.760000000000002,8.5,0.0,0.15811388300844442,1000,0,0.040851285571800844,0.0,0.09999999999999964,2
7.1,76.0,8.470026073007846,100.0,0.0,0.041610109462712555,9.0,8.74,0.0,0.20736441353329227,1000,0,1.3700260730078462,0.0,0.09999999999999964,2
7.1,76.0,8.709524772526137,81.2,0.0,0.013507368747574484,8.4,8.540000000000001,0.0,0.054772255750516176,1000,0,1.6095247725261377,0.0,0.0,2
7.1,76.0,7.21760307775528,78.6,0.0,0.10168497322288622,7.1,7.220000000000001,0.0,0.04472135955000937,1000,0,0.11760307775528034,0.0,0.0,2
7.1,76.0,8.387472685691861,100.0,0.0,-0.008448878716003404,10.42,10.3,0.0,0.21213203435593808,1000,0,1.2874726856918617,0.0,0.1999999999999993,2
7.1,76.0,7.760586954613132,80.2,0.0,0.04806124062805245,7.6,7.82,0.0,0.04472135954998953,1000,0,0.660586954613132,0.0,0.0,2
7.1,76.0,8.162951413172804,100.0,0.0,0.05152621875398655,8.92,8.620000000000001,0.0,0.1923538406167322,1000,0,1.0629514131728044,0.0,0.09999999999999964,2
7.4881985082855556,92.0,7.4163233693003185,100.0,0.0026304151302941822,-0.007275899617903578,7.4881985082855556,7.4163233693003185,0.0,0.11401754250996406,0,0,0.07187513898523701,0.0,0.09999999999999964,0
8.377242014926619,75.0,8.489276109876183,79.4,-0.018953704529873463,-0.029522827702208154,8.377242014926619,8.489276109876183,0.23021728866442567,0.044721359550000166,0,0,0.11203409494956418,0.0,0.09999999999999964,0
7.677120328916727,92.0,7.833284927741594,100.0,-0.0016704303754136243,0.04805906412595087,7.677120328916727,7.833284927741594,0.0,0.11401754250996406,0,0,0.15616459882486655,0.0,0.09999999999999964,0
7.352503355780331,75.0,7.284968446148913,79.4,0.04210024553079232,-0.046346445822811666,7.352503355780331,7.284968446148913,0.25099800796022187,0.0,0,0,0.0675349096314184,0.0,0.0,0
7.036802110817655,94.0,7.0220587450273095,100.0,-0.04713514710427996,-0.015460143214884425,7.036802110817655,7.0220587450273095,0.2190890230020856,0.2387467277262505,0,0,0.014743365790345742,0.0,0.20000000000000107,0
7.413922886249413,78.0,7.2592075527128355,81.2,0.029234396169418864,0.020296299376116725,7.413922886249413,7.2592075527128355,0.20493901531919168,0.07071067811865689,0,0,0.1547153335365774,0.0,0.09999999999999964,0
7.070973432865026,76.0,7.117112086781071,80.0,0.04961413024102078,-0.040797729557098386,7.070973432865026,7.117112086781071,0.0,0.04472135954999223,0,0,0.04613865391604488,0.0,0.0,0
7.817968147976481,80.0,7.718575538156223,81.8,0.041831961217354205,-0.03775307620915602,7.817968147976481,7.718575538156223,0.0,0.05477225575051763,0,0,0.09939260982025822,0.0,0.0,0
6.574609233451443,77.0,6.6760892628779915,80.8,0.0017203943998716081,0.0007406459912643673,6.574609233451443,6.6760892628779915,0.0,0.05477225575051069,0,0,0.10148002942654877,0.0,0.0,0
8.170206231717875,77.0,8.21681435078116,80.7,-0.013077326402083478,-0.015214844189161983,8.170206231717875,8.21681435078116,0.0,0.0707106781186492,0,0,0.04660811906328455,0.0,0.09999999999999964,0
7.2524835149560145,91.0,7.091434730610846,100.0,-0.018486358687591124,-0.021536411102128086,7.2524835149560145,7.091434730610846,0.1788854381999668,0.08366600265347922,0,0,0.16104878434516845,0.40000000000000036,0.0,0
8.325553539217943,76.0,8.47673100807326,80.0,-0.02645513319455215,0.02751813642496681,8.325553539217943,8.47673100807326,0.0,0.05477225575051276,0,0,0.1511774688553178,0.0,0.0,0
7.095254568933247,89.0,7.227880171074357,93.9,0.035239070925920754,0.016253855035363945,7.095254568933247,7.227880171074357,0.0,0.0547722557506471,0,0,0.1326256021411103,0.0,0.0,0
7.314593105298,89.0,7.161081151941546,93.9,-0.04960569281177662,-0.01319539855818646,7.314593105298,7.161081151941546,0.0,0.0547722557506471,0,0,0.15351195335645418,0.0,0.0,0
8.36288704331862,91.0,8.485547126608264,99.9,0.0003320376474595932,0.008117233791785916,8.36288704331862,8.485547126608264,0.21908902300204983,0.07071067811874449,0,0,0.1226600832896434,0.0,0.09999999999999964,0
6.836148350653873,93.0,6.853135684879543,100.0,-0.02191992338700868,-0.03627686462783147,6.836148350653873,6.853135684879543,0.6442049363362617,0.5099019513592685,0,0,0.01698733422567056,0.09999999999999964,0.0,0
7.029119356618902,81.0,7.232489802842605,82.2,0.045315817599810376,-0.033107136530237204,7.029119356618902,7.232489802842605,0.0,0.0,0,0,0.20337044622370293,0.0,0.0,0
7.9919028626483115,91.0,7.7426424837266214,99.9,-0.021586719812424684,-0.04676527901274607,7.9919028626483115,7.7426424837266214,0.21908902300204983,0.07071067811874449,0,0,0.24926037892169006,0.0,0.09999999999999964,0
7.68426728586726,78.0,7.635597399738633,81.0,-0.013687455944951167,-0.0396367307513135,7.68426728586726,7.635597399738633,0.0,0.054772255750517335,0,0,0.04866988612862677,0.0,0.0,0
7.081594557650598,76.0,6.832347315228515,80.7,0.039812542248045465,-0.002669675400766937,7.081594557650598,6.832347315228515,0.0,0.05477225575050808,0,0,0.24924724242208285,0.0,0.0,0
7.648030212855172,94.0,7.4658702722586545,100.0,-0.00900506691648878,0.045185364298397854,7.648030212855172,7.4658702722586545,0.31937438845344,0.2387467277262459,0,0,0.18215994059651752,0.40000000000000036,0.09999999999999964,0
6.681053043322953,92.0,6.450645395473694,100.0,-0.009266609570771266,-0.03808207875732274,6.681053043322953,6.450645395473694,0.0,0.10000000000005406,0,0,0.23040764784925827,0.0,0.0,0
8.22526139659754,78.0,8.333253784348909,81.2,-0.027081644901179126,0.02052729546893023,8.22526139659754,8.333253784348909,0.20493901531919168,0.07071067811865689,0,0,0.10799238775136821,0.0,0.09999999999999964,0
8.096970091071531,80.0,8.30272975420416,81.7,-0.0017087429084173059,0.01156800395860056,8.096970091071531,8.30272975420416,0.0,0.054772255750516176,0,0,0.2057596631326284,0.0,0.0,0
6.893477738237857,74.0,6.955051689882443,78.5,0.032401770714649,-0.01916665429096547,6.893477738237857,6.955051689882443,0.0,0.0,0,0,0.061573951644585456,0.0,0.0,0
7.912716102486253,93.0,8.042167661219468,100.0,0.037016988195957556,-0.026506416360147014,7.912716102486253,8.042167661219468,0.2683281572999802,0.22360679774998807,0,0,0.1294515587332148,0.1999999999999993,0.20000000000000107,0
8.088916632600354,93.0,8.135750731516461,100.0,0.021377862854396662,-0.022696136536721003,8.088916632600354,8.135750731516461,0.3000000000000078,0.24083189157585105,0,0,0.04683409891610779,0.0,0.09999999999999964,0
7.3204690634415845,79.0,7.315918874591664,81.2,0.007011830669127715,0.03678597192718083,7.3204690634415845,7.315918874591664,0.0,0.054772255750516176,0,0,0.004550188849920644,0.0,0.0,0
6.684151080143701,81.0,6.531795138857733,86.1,0.002881899630632699,-0.025060999230332906,6.684151080143701,6.531795138857733,0.22360679774997735,0.6058052492344387,0,0,0.1523559412859683,0.5,1.2999999999999998,0
6.917570530890072,75.0,6.917223446931591,79.3,0.016678454534577683,0.020364397646889104,6.917570530890072,6.917223446931591,0.0,0.05477225575052091,0,0,0.0003470839584807095,0.0,0.0,0
8.335370175584675,74.0,8.271371898949006,78.9,0.03866709019497791,0.018663230733027836,8.335370175584675,8.271371898949006,0.0,0.04472135955000545,0,0,0.06399827663566882,0.0,0.0,0
8.192906859170703,74.0,8.179981470062097,78.5,0.024968406740628127,-0.010282095963776092,8.192906859170703,8.179981470062097,0.0,0.0,0,0,0.012925389108605856,0.0,0.0,0
6.564949274752909,74.0,6.454777082724349,78.2,0.04499782552578596,-0.026989258183971045,6.564949274752909,6.454777082724349,0.0,0.0,0,0,0.11017219202855966,0.0,0.0,0
8.213799176276433,74.0,8.206448410025441,78.5,-0.0344646021038712,0.03601973890622906,8.213799176276433,8.206448410025441,0.0,0.0,0,0,0.00735076625099218,0.0,0.0,0
7.012752972933108,80.0,7.104197745113409,81.5,0.033498875401127864,0.023940830950308425,7.012752972933108,7.104197745113409,0.0,0.08366600265340672,0,0,0.09144477218030111,0.0,0.0,0
7.648299133553,74.0,7.76382198840912,78.6,0.049357122540691994,-0.03581389696526632,7.648299133553,7.76382198840912,0.0,0.04472135955000937,0,0,0.11552285485611957,0.0,0.0,0
7.455953235330639,92.0,7.290250513669764,100.0,-0.04327727222825295,-0.04954346638568077,7.455953235330639,7.290250513669764,0.21908902300206234,0.15811388300844442,0,0,0.16570272166087463,0.40000000000000036,0.09999999999999964,0
6.502585671156384,93.0,6.692541825860038,100.0,0.0015662475070256088,-0.0062585091809004845,6.502585671156384,6.692541825860038,0.6442049363362617,0.5099019513592685,0,0,0.1899561547036548,0.09999999999999964,0.0,0
7.626527473579588,75.0,7.635445567424393,79.7,0.004982628930110575,0.033407119167880986,7.626527473579588,7.635445567424393,0.0,0.044721359549997015,0,0,0.008918093844804353,0.0,0.09999999999999964,0
7.718711626486272,74.0,7.51777881925878,78.9,-0.036636242221998495,-0.04067383268073719,7.718711626486272,7.51777881925878,0.0,0.04472135955000545,0,0,0.20093280722749185,0.0,0.0,0
7.628524648693277,92.0,7.5851535463785495,100.0,0.03891793021118839,-0.020181214023629313,7.628524648693277,7.5851535463785495,0.17888543819998184,0.1923538406167322,0,0,0.04337110231472785,0.0,0.09999999999999964,0
7.88620900349666,78.0,7.817214679299104,81.2,-0.019578298049285004,-0.0405379210076673,7.88620900349666,7.817214679299104,0.20493901531919168,0.07071067811865689,0,0,0.06899432419755591,0.0,0.09999999999999964,0
7.240885442756367,93.0,7.4800911332566375,100.0,-0.04394740256175838,0.027891372146384596,7.240885442756367,7.4800911332566375,0.2683281572999802,0.22360679774998807,0,0,0.2392056905002704,0.1999999999999993,0.20000000000000107,0
8.048921371763225,92.0,8.075262431496727,100.0,0.015463805238859513,0.010675440744828138,8.048921371763225,8.075262431496727,0.0,0.11401754250996406,0,0,0.026341059733502092,0.0,0.09999999999999964,0
7.380776545585984,76.0,7.24888111492946,80.5,-0.02976944158118282,-0.03659327464535259,7.380776545585984,7.24888111492946,0.21908902300206584,0.05477225575050755,0,0,0.13189543065652476,0.0,0.0,0
6.6944048845160955,75.0,6.776834758430467,79.4,0.017617701612045983,0.03148141717593146,6.6944048845160955,6.776834758430467,0.1341640786499849,0.05477225575052055,0,0,0.0824298739143714,0.0,0.0,0
8.005440736095355,94.0,8.202514699457966,100.0,-0.027715202576477284,0.013098763019444903,8.005440736095355,8.202514699457966,0.31937438845344,0.2387467277262459,0,0,0.19707396336261063,0.40000000000000036,0.09999999999999964,0
8.233745662699635,75.0,8.466432718275463,79.4,0.04823359278734095,-0.023488245830113497,8.233745662699635,8.466432718275463,0.25099800796022187,0.0,0,0,0.2326870555758287,0.0,0.0,0
8.023692793692195,75.0,8.017779529080306,79.2,-0.008552615909533864,-0.014985249939618472,8.023692793692195,8.017779529080306,0.0,0.04472135955000176,0,0,0.005913264611889346,0.0,0.0,0
7.5988467498575005,75.0,7.73486050005148,79.4,0.04573740395279889,0.03932032910605025,7.5988467498575005,7.73486050005148,0.23021728866442567,0.044721359550000166,0,0,0.1360137501939791,0.0,0.09999999999999964,0
7.994369169372971,74.0,8.152865779804833,78.2,0.015964707341905096,0.0318814378489683,7.994369169372971,8.152865779804833,0.0,0.0,0,0,0.15849661043186192,0.0,0.0,0
8.024777211407882,75.0,8.02272053718521,79.2,0.028653755467976966,-0.038955942740306206,8.024777211407882,8.02272053718521,0.0,0.0,0,0,0.0020566742226719725,0.0,0.0,0
7.545292918785582,80.0,7.465386433245118,81.8,-0.010198284594721052,0.017923146930304196,7.545292918785582,7.465386433245118,0.0,0.05477225575051763,0,0,0.07990648554046409,0.0,0.0,0
7.346377174004957,78.0,7.503419033195041,81.2,0.04903449538949049,0.020807187063656807,7.346377174004957,7.503419033195041,0.20493901531919168,0.07071067811865689,0,0,0.15704185919008484,0.0,0.09999999999999964,0
7.80338063568816,76.0,7.587355450980148,79.8,-0.04266624128706538,-0.024725717292852358,7.80338063568816,7.587355450980148,0.0,0.04472135954999592,0,0,0.21602518470801169,0.0,0.0,0
6.9565304730980415,75.0,6.77752409986142,79.7,-0.0139552109694192,-0.015155293380243663,6.9565304730980415,6.77752409986142,0.0,0.044721359549997015,0,0,0.17900637323662139,0.0,0.09999999999999964,0
8.03917803032327,79.0,8.14712507057943,81.4,-0.00020573624353299735,0.04161890759825329,8.03917803032327,8.14712507057943,0.13416407864998758,0.05477225575051879,0,0,0.10794704025615864,0.3000000000000007,0.0,0
8.076568366291115,90.0,8.104143493602837,96.6,-0.01969720689762662,-0.022021984435787224,8.076568366291115,8.104143493602837,0.0,0.054772255750638106,0,0,0.027575127311722625,0.0,0.0,0
8.247455452852527,74.0,8.31032138378624,78.9,0.027908441515639218,0.04641922196564466,8.247455452852527,8.31032138378624,0.0,0.04472135955000545,0,0,0.06286593093371273,0.0,0.0,0
6.51779558238908,74.0,6.703449926891465,78.9,-0.02684217012146023,-0.048611735228297925,6.51779558238908,6.703449926891465,0.0,0.04472135955000545,0,0,0.18565434450238527,0.0,0.0,0
6.993897063126338,80.0,6.920391819081437,81.8,-0.04230326240888297,-0.02481676112541591,6.993897063126338,6.920391819081437,0.0,0.05477225575051763,0,0,0.07350524404490155,0.0,0.0,0
7.286970879835383,80.0,7.245843539810867,81.8,0.0165948134743113,-0.02089948707108892,7.286970879835383,7.245843539810867,0.0,0.05477225575051763,0,0,0.04112734002451646,0.0,0.0,0
6.99855274371721,80.0,7.1422069641855295,82.1,0.03687574437003577,-0.02198200764135897,6.99855274371721,7.1422069641855295,0.0,0.05773502691896365,0,0,0.14365422046831977,0.0,0.10000000000000142,0
6.908704213240688,74.0,6.901358232062696,78.2,-0.026533172741565372,0.01161488077444487,6.908704213240688,6.901358232062696,0.0,0.0,0,0,0.0073459811779921225,0.0,0.0,0
8.294588618705028,81.0,8.492906053825005,82.2,-0.03307600979453193,0.048938184080458816,8.294588618705028,8.492906053825005,0.0,0.0,0,0,0.1983174351199768,0.0,0.0,0
7.734389655834272,73.0,7.849961081146434,78.2,0.03311532331552165,-0.011586017997355404,7.734389655834272,7.849961081146434,0.0,0.05477225575053069,0,0,0.11557142531216158,0.0,0.10000000000000053,0
6.940034567412099,76.0,6.8674639415999605,80.5,-0.030636507447572195,-0.005121857940783112,6.940034567412099,6.8674639415999605,0.0,0.044721359549984505,0,0,0.0725706258121388,0.0,0.0,0
7.954108271270628,73.0,8.130252579727602,78.3,0.0058019976879237975,0.025646229585146813,7.954108271270628,8.130252579727602,0.0,0.0447213595500118,0,0,0.1761443084569736,0.0,0.10000000000000053,0
6.946715101925149,76.0,6.700131788442714,80.5,0.025073087326294624,0.03494956575494895,6.946715101925149,6.700131788442714,0.17888543819998223,0.044721359549985844,0,0,0.24658331348243578,0.0,0.0,0
7.533482357481131,92.0,7.543719265864717,100.0,0.0008441839777377572,-0.011498715580038434,7.533482357481131,7.543719265864717,0.17888543819998184,0.1923538406167322,0,0,0.01023690838358604,0.0,0.09999999999999964,0
7.2294516939241324,90.0,7.449263090055875,98.3,-0.028676258145772505,0.0118717790246793,7.2294516939241324,7.449263090055875,0.17888543819996083,0.054772255750636115,0,0,0.2198113961317425,0.0,0.0,0
8.008667459377198,80.0,7.9096225651485215,82.1,0.03639982495288088,0.04692092645998795,8.008667459377198,7.9096225651485215,0.0,0.05773502691896365,0,0,0.09904489422867702,0.0,0.10000000000000142,0
7.913991579491509,76.0,8.064224119337863,80.2,0.0338058503230102,0.03677462905165729,7.913991579491509,8.064224119337863,0.0,0.04472135954998953,0,0,0.1502325398463542,0.0,0.0,0
7.116247283211734,80.0,7.289789179875839,81.7,0.01718587432313365,0.01610593912534876,7.116247283211734,7.289789179875839,0.0,0.054772255750516176,0,0,0.1735418966641058,0.0,0.0,0
8.018061230986419,92.0,7.862959560537252,100.0,-0.007521672463483245,0.013363623803027164,8.018061230986419,7.862959560537252,0.21908902300205826,0.11401754250995555,0,0,0.15510167044916656,0.0,0.10000000000000142,0
7.7981330450017285,76.0,7.708615480731299,79.8,-0.04863375547429075,-0.038203959698279326,7.7981330450017285,7.708615480731299,0.0,0.05477225575051641,0,0,0.08951756427042934,0.0,0.0,0
8.088890360479061,94.0,7.886152227168847,100.0,0.03086512465306529,-0.04808198048987548,8.088890360479061,7.886152227168847,0.31937438845344,0.2387467277262459,0,0,0.20273813331021362,0.40000000000000036,0.09999999999999964,0
7.558135000584864,91.0,7.446756696375368,100.0,-0.020951411234067685,-0.04517072309363729,7.558135000584864,7.446756696375368,0.21908902300205144,0.05477225575062963,0,0,0.11137830420949602,0.0,0.0,0
6.600058056783955,92.0,6.691388518268444,100.0,-0.03371349200615723,0.02285029609939157,6.600058056783955,6.691388518268444,0.1788854381999712,0.11401754250995867,0,0,0.09133046148448898,0.0,0.09999999999999964,0
8.35056454895811,76.0,8.534139431263208,79.8,0.04006916406994104,-0.011323199655628759,8.35056454895811,8.534139431263208,0.0,0.04472135954999592,0,0,0.18357488230509844,0.0,0.0,0
6.746977785447088,76.0,6.831082675912527,79.8,0.02800107327262162,0.036958981222953866,6.746977785447088,6.831082675912527,0.0,0.04472135954999592,0,0,0.08410489046543912,0.0,0.0,0
8.13396159488359,76.0,8.223778331446395,80.5,-0.038219949021447056,0.021535503265632985,8.13396159488359,8.223778331446395,0.21908902300206584,0.05477225575050755,0,0,0.08981673656280442,0.0,0.0,0
6.754943586684518,94.0,6.890509928091241,100.0,-0.023183110281640152,0.01182142777783255,6.754943586684518,6.890509928091241,0.16431676725157002,0.3162277660168361,0,0,0.1355663414067232,0.0,0.20000000000000107,0
7.502691652736141,80.0,7.665742262116195,81.8,-0.04302481323786114,-0.02636936927704027,7.502691652736141,7.665742262116195,0.0,0.05477225575051763,0,0,0.1630506093800541,0.0,0.0,0
7.344345549265483,76.0,7.250085221126178,80.2,0.008678989944715963,-0.028191731777017892,7.344345549265483,7.250085221126178,0.0,0.04472135954998953,0,0,0.0942603281393053,0.0,0.0,0
7.655203557965426,78.0,7.540860029425563,81.0,0.015281251977180443,-0.03360431928643046,7.655203557965426,7.540860029425563,0.0,0.07071067811865618,0,0,0.11434352853986329,0.0,0.10000000000000142,0
8.321256494431411,77.0,8.422645822823117,80.9,0.02582544405724417,-0.028320785938470497,8.321256494431411,8.422645822823117,0.0,0.05477225575051608,0,0,0.101389328391706,0.0,0.0,0
6.719911633403777,92.0,6.741426400652342,100.0,-0.01465773534753756,-0.022261291437416078,6.719911633403777,6.741426400652342,0.0,0.10000000000005406,0,0,0.021514767248564937,0.0,0.0,0
6.68713933526317,76.0,6.476932504174189,80.0,-0.031757693491543504,-0.03896362743237526,6.68713933526317,6.476932504174189,0.0,0.05477225575051313,0,0,0.21020683108898108,0.0,0.0,0
6.54058068755152,75.0,6.379820816161808,79.6,-0.04916611593423731,0.04971273164485661,6.54058068755152,6.379820816161808,0.08944271909998905,0.05477225575051835,0,0,0.16075987138971204,0.1999999999999993,0.0,0
7.923072268717042,81.0,7.89992270835747,82.4,-0.0458743749526494,0.025130974371085704,7.923072268717042,7.89992270835747,0.0,0.0,0,0,0.023149560359572163,0.0,0.0,0
8.280300219275011,75.0,8.29204053423263,79.4,0.022451831069655204,-0.015479927577883003,8.280300219275011,8.29204053423263,0.1341640786499849,0.05477225575052055,0,0,0.011740314957618736,0.0,0.0,0
6.879848036268639,75.0,6.845500968043551,79.2,-0.03822565350736967,0.034214726382185257,6.879848036268639,6.845500968043551,0.0,0.0,0,0,0.03434706822508815,0.0,0.0,0
7.564277496034666,90.0,7.3817763462618196,98.3,-0.03199839572968752,-0.044461615010763726,7.564277496034666,7.3817763462618196,0.17888543819996083,0.054772255750636115,0,0,0.18250114977284682,0.0,0.0,0
7.525854149551552,76.0,7.44552260149918,80.3,-0.04006161477827495,-0.015960267988668488,7.525854149551552,7.44552260149918,0.0,0.05477225575051075,0,0,0.08033154805237253,0.0,0.0,0
7.436214685523266,79.0,7.6142653098280295,81.2,-0.004360974559732098,-0.03911667969793792,7.436214685523266,7.6142653098280295,0.0,0.054772255750516176,0,0,0.17805062430476326,0.0,0.0,0
6.952491686353447,74.0,6.71892983454364,78.5,-0.0035117334862292265,0.033631142911769316,6.952491686353447,6.71892983454364,0.0,0.0,0,0,0.23356185180980749,0.0,0.0,0
7.314672128952071,74.0,7.2287805014224595,79.0,-0.04425294242877438,-0.012245428284577545,7.314672128952071,7.2287805014224595,0.0,0.0547722557505242,0,0,0.08589162752961155,0.0,0.0,0
8.063990915118335,76.0,8.257413535988476,80.3,-0.013211640281187778,-0.036762009540911314,8.063990915118335,8.257413535988476,0.0,0.054772255750511194,0,0,0.19342262087014106,0.0,0.0,0
6.832315309805931,92.0,6.674466306210814,100.0,0.026940353354879903,-0.02182716467974404,6.832315309805931,6.674466306210814,0.0,0.11401754250996406,0,0,0.15784900359511678,0.0,0.09999999999999964,0
7.130271313722531,94.0,7.1892328449625715,100.0,-0.014823767984477154,0.01335560598776546,7.130271313722531,7.1892328449625715,0.2190890230020856,0.2387467277262505,0,0,0.05896153124004044,0.0,0.20000000000000107,0
6.776255944512613,73.0,6.941801650352707,78.2,0.005881955215984405,0.03760487243010226,6.776255944512613,6.941801650352707,0.0,0.05477225575053069,0,0,0.16554570584009376,0.0,0.10000000000000053,0
6.5561621215953405,74.0,6.4946413481239595,78.5,-0.03153874713576864,-0.039337890341804044,6.5561621215953405,6.4946413481239595,0.0,0.0,0,0,0.06152077347138096,0.0,0.0,0
6.5302934369208305,76.0,6.311571215828595,80.5,-0.005015163541032652,0.027943103622716833,6.5302934369208305,6.311571215828595,0.0,0.044721359549984505,0,0,0.2187222210922357,0.0,0.0,0
7.485617248638297,79.0,7.458641599838132,81.3,-0.018873051008757292,-0.03757359786740384,7.485617248638297,7.458641599838132,0.1949358868961792,0.05477225575051915,0,0,0.026975648800164898,0.09999999999999964,0.0,0
8.24841388706203,76.0,8.211055129005667,80.5,0.010978605431237173,-0.0003695275340390852,8.24841388706203,8.211055129005667,0.17888543819998223,0.044721359549984505,0,0,0.03735875805636368,0.40000000000000036,0.09999999999999964,0
8.276903309583345,75.0,8.48427268244361,79.4,-0.04820798069258042,-0.04064900744848954,8.276903309583345,8.48427268244361,0.1341640786499849,0.05477225575052055,0,0,0.20736937286026524,0.0,0.0,0
