timestamp,temperature1_c,humidity1_percent,temperature2_c,humidity2_percent,dT1,dT2,avgT1_5,avgT2_5,stdT1_5,stdT2_5,stuck_count1,stuck_count2,diffT,abs_dT1,abs_dT2,label
0,8.4,81.0,8.8,82.4,0.0,0.0,8.4,8.8,0.0,0.0,1,1,0.4000000000000003,0.0,0.0,0
5,8.4,81.0,8.8,82.2,0.0,0.0,8.4,8.8,0.0,0.0,1,1,0.4000000000000003,0.0,0.0,0
10,8.4,80.0,8.7,82.1,0.0,-0.1000000000000014,8.4,8.766666666666667,0.0,0.0577350269189636,1,0,0.2999999999999989,0.0,0.1000000000000014,0
15,8.4,80.0,8.7,82.0,0.0,0.0,8.4,8.75,0.0,0.0577350269189636,1,1,0.2999999999999989,0.0,0.0,0
20,8.4,80.0,8.7,81.8,0.0,0.0,8.4,8.74,0.0,0.0547722557505176,1,1,0.2999999999999989,0.0,0.0,0
25,8.4,80.0,8.6,81.8,0.0,-0.0999999999999996,8.4,8.7,0.0,0.0707106781186552,1,0,0.1999999999999993,0.0,0.0999999999999996,0
30,8.4,80.0,8.6,81.7,0.0,0.0,8.4,8.66,0.0,0.0547722557505161,1,1,0.1999999999999993,0.0,0.0,0
35,8.4,80.0,8.5,81.6,0.0,-0.0999999999999996,8.4,8.62,0.0,0.0836660026534067,1,0,0.0999999999999996,0.0,0.0999999999999996,0
40,8.4,80.0,8.5,81.5,0.0,0.0,8.4,8.58,0.0,0.0836660026534067,1,1,0.0999999999999996,0.0,0.0,0
45,8.4,79.0,8.5,81.2,0.0,0.0,8.4,8.540000000000001,0.0,0.0547722557505161,1,1,0.0999999999999996,0.0,0.0,0
50,8.4,79.0,8.4,81.4,0.0,-0.0999999999999996,8.4,8.5,0.0,0.0707106781186554,1,0,0.0,0.0,0.0999999999999996,0
55,8.1,79.0,8.4,81.4,-0.3000000000000007,0.0,8.34,8.459999999999999,0.1341640786499875,0.0547722557505187,0,1,0.3000000000000007,0.3000000000000007,0.0,0
60,8.0,79.0,8.4,81.3,-0.0999999999999996,0.0,8.26,8.440000000000001,0.1949358868961792,0.0547722557505191,0,1,0.4000000000000003,0.0999999999999996,0.0,0
65,8.0,78.0,8.3,81.2,0.0,-0.0999999999999996,8.180000000000001,8.4,0.2049390153191916,0.0707106781186568,1,0,0.3000000000000007,0.0,0.0999999999999996,0
70,8.0,78.0,8.3,81.1,0.0,0.0,8.1,8.360000000000001,0.1732050807568871,0.0547722557505191,1,1,0.3000000000000007,0.0,0.0,0
75,8.0,78.0,8.3,81.0,0.0,0.0,8.02,8.34,0.0447213595499913,0.0547722557505187,1,1,0.3000000000000007,0.0,0.0,0
80,8.0,78.0,8.2,81.0,0.0,-0.1000000000000014,8.0,8.3,0.0,0.0707106781186561,1,0,0.1999999999999993,0.0,0.1000000000000014,0
85,8.0,78.0,8.2,81.0,0.0,0.0,8.0,8.26,0.0,0.0547722557505173,1,1,0.1999999999999993,0.0,0.0,0
90,8.0,77.0,8.2,80.9,0.0,0.0,8.0,8.24,0.0,0.054772255750516,1,1,0.1999999999999993,0.0,0.0,0
95,8.0,77.0,8.1,80.9,0.0,-0.0999999999999996,8.0,8.2,0.0,0.0707106781186522,1,0,0.0999999999999996,0.0,0.0999999999999996,0
100,8.0,77.0,8.1,80.8,0.0,0.0,8.0,8.16,0.0,0.054772255750511,1,1,0.0999999999999996,0.0,0.0,0
105,8.0,77.0,8.1,80.8,0.0,0.0,8.0,8.139999999999999,0.0,0.0547722557505106,1,1,0.0999999999999996,0.0,0.0,0
110,8.0,77.0,8.0,80.7,0.0,-0.0999999999999996,8.0,8.1,0.0,0.0707106781186492,1,0,0.0,0.0,0.0999999999999996,0
115,8.0,76.0,8.0,80.7,0.0,0.0,8.0,8.059999999999999,0.0,0.054772255750508,1,1,0.0,0.0,0.0,0
120,8.0,76.0,8.0,80.6,0.0,0.0,8.0,8.040000000000001,0.0,0.0547722557505077,1,1,0.0,0.0,0.0,0
125,8.0,76.0,8.0,80.5,0.0,0.0,8.0,8.02,0.0,0.0447213595499845,1,1,0.0,0.0,0.0,0
130,7.6,76.0,7.9,80.5,-0.4000000000000003,-0.0999999999999996,7.92,7.979999999999999,0.1788854381999822,0.0447213595499845,0,0,0.3000000000000007,0.4000000000000003,0.0999999999999996,0
135,7.6,76.0,7.9,80.5,0.0,0.0,7.840000000000001,7.959999999999999,0.2190890230020658,0.0547722557505075,1,1,0.3000000000000007,0.0,0.0,0
140,7.6,76.0,7.9,80.5,0.0,0.0,7.76,7.94,0.2190890230020658,0.0547722557505079,1,1,0.3000000000000007,0.0,0.0,0
145,7.6,76.0,7.9,80.5,0.0,0.0,7.68,7.92,0.1788854381999822,0.0447213595499858,1,1,0.3000000000000007,0.0,0.0,0
150,7.6,76.0,7.8,80.4,0.0,-0.1000000000000005,7.6,7.88,0.0,0.0447213595499878,1,0,0.2000000000000001,0.0,0.1000000000000005,0
155,7.6,76.0,7.8,80.3,0.0,0.0,7.6,7.860000000000001,0.0,0.0547722557505107,1,1,0.2000000000000001,0.0,0.0,0
160,7.6,76.0,7.8,80.3,0.0,0.0,7.6,7.840000000000001,0.0,0.0547722557505111,1,1,0.2000000000000001,0.0,0.0,0
165,7.6,76.0,7.8,80.2,0.0,0.0,7.6,7.82,0.0,0.0447213595499895,1,1,0.2000000000000001,0.0,0.0,0
170,7.6,76.0,7.7,80.1,0.0,-0.0999999999999996,7.6,7.779999999999999,0.0,0.0447213595499906,1,0,0.1000000000000005,0.0,0.0999999999999996,0
175,7.6,76.0,7.7,80.0,0.0,0.0,7.6,7.76,0.0,0.0547722557505127,1,1,0.1000000000000005,0.0,0.0,0
180,7.6,76.0,7.7,80.0,0.0,0.0,7.6,7.74,0.0,0.0547722557505131,1,1,0.1000000000000005,0.0,0.0,0
185,7.6,76.0,7.7,80.0,0.0,0.0,7.6,7.720000000000001,0.0,0.0447213595499922,1,1,0.1000000000000005,0.0,0.0,0
190,7.6,76.0,7.6,80.0,0.0,-0.1000000000000005,7.6,7.68,0.0,0.0447213595499942,1,0,0.0,0.0,0.1000000000000005,0
195,7.6,76.0,7.6,80.0,0.0,0.0,7.6,7.659999999999999,0.0,0.0547722557505159,1,1,0.0,0.0,0.0,0
200,7.6,76.0,7.6,79.8,0.0,0.0,7.6,7.639999999999999,0.0,0.0547722557505164,1,1,0.0,0.0,0.0,0
205,7.6,76.0,7.6,79.8,0.0,0.0,7.6,7.619999999999999,0.0,0.0447213595499959,1,1,0.0,0.0,0.0,0
210,7.6,75.0,7.6,79.7,0.0,0.0,7.6,7.6,0.0,0.0,1,1,0.0,0.0,0.0,0
215,7.6,75.0,7.5,79.7,0.0,-0.0999999999999996,7.6,7.58,0.0,0.044721359549997,1,0,0.0999999999999996,0.0,0.0999999999999996,0
220,7.6,75.0,7.5,79.6,0.0,0.0,7.6,7.56,0.0,0.0547722557505179,1,1,0.0999999999999996,0.0,0.0,0
225,7.4,75.0,7.5,79.6,-0.1999999999999993,0.0,7.56,7.539999999999999,0.089442719099989,0.0547722557505183,0,1,0.0999999999999996,0.1999999999999993,0.0,0
230,7.1,75.0,7.5,79.4,-0.3000000000000007,0.0,7.459999999999999,7.52,0.2190890230020655,0.0447213595499986,0,1,0.4000000000000003,0.3000000000000007,0.0,0
235,7.1,75.0,7.5,79.4,0.0,0.0,7.359999999999999,7.5,0.2509980079602218,0.0,1,1,0.4000000000000003,0.0,0.0,0
240,7.1,75.0,7.4,79.4,0.0,-0.0999999999999996,7.26,7.479999999999999,0.2302172886644256,0.0447213595500001,1,0,0.3000000000000007,0.0,0.0999999999999996,0
245,7.1,75.0,7.4,79.4,0.0,0.0,7.159999999999999,7.459999999999999,0.1341640786499849,0.0547722557505205,1,1,0.3000000000000007,0.0,0.0,0
250,7.1,75.0,7.4,79.3,0.0,0.0,7.1,7.44,0.0,0.0547722557505209,1,1,0.3000000000000007,0.0,0.0,0
255,7.1,75.0,7.4,79.2,0.0,0.0,7.1,7.42,0.0,0.0447213595500017,1,1,0.3000000000000007,0.0,0.0,0
260,7.1,75.0,7.4,79.2,0.0,0.0,7.1,7.4,0.0,0.0,1,1,0.3000000000000007,0.0,0.0,0
265,7.1,75.0,7.4,79.1,0.0,0.0,7.1,7.4,0.0,0.0,1,1,0.3000000000000007,0.0,0.0,0
270,7.1,74.0,7.3,79.1,0.0,-0.1000000000000005,7.1,7.380000000000001,0.0,0.0447213595500037,1,0,0.2000000000000001,0.0,0.1000000000000005,0
275,7.1,74.0,7.3,79.0,0.0,0.0,7.1,7.359999999999999,0.0,0.0547722557505237,1,1,0.2000000000000001,0.0,0.0,0
280,7.1,74.0,7.3,79.0,0.0,0.0,7.1,7.340000000000001,0.0,0.0547722557505242,1,1,0.2000000000000001,0.0,0.0,0
285,7.1,74.0,7.3,78.9,0.0,0.0,7.1,7.32,0.0,0.0447213595500054,1,1,0.2000000000000001,0.0,0.0,0
290,7.1,74.0,7.3,78.9,0.0,0.0,7.1,7.3,0.0,0.0,1,1,0.2000000000000001,0.0,0.0,0
295,7.1,74.0,7.3,78.5,0.0,0.0,7.1,7.3,0.0,0.0,1,1,0.2000000000000001,0.0,0.0,0
300,7.1,74.0,7.2,78.7,0.0,-0.0999999999999996,7.1,7.279999999999999,0.0,0.0447213595500069,1,0,0.1000000000000005,0.0,0.0999999999999996,0
305,7.1,74.0,7.2,78.7,0.0,0.0,7.1,7.26,0.0,0.0547722557505264,1,1,0.1000000000000005,0.0,0.0,0
310,7.1,74.0,7.2,78.6,0.0,0.0,7.1,7.24,0.0,0.0547722557505271,1,1,0.1000000000000005,0.0,0.0,0
315,7.1,74.0,7.2,78.6,0.0,0.0,7.1,7.220000000000001,0.0,0.0447213595500093,1,1,0.1000000000000005,0.0,0.0,0
320,7.1,74.0,7.2,78.2,0.0,0.0,7.1,7.2,0.0,0.0,1,1,0.1000000000000005,0.0,0.0,0
325,7.1,74.0,7.2,78.5,0.0,0.0,7.1,7.2,0.0,0.0,1,1,0.1000000000000005,0.0,0.0,0
330,7.1,73.0,7.2,78.4,0.0,0.0,7.1,7.2,0.0,0.0,1,1,0.1000000000000005,0.0,0.0,0
335,7.1,73.0,7.1,78.3,0.0,-0.1000000000000005,7.1,7.18,0.0,0.0447213595500118,1,0,0.0,0.0,0.1000000000000005,0
340,7.1,73.0,7.2,78.3,0.0,0.1000000000000005,7.1,7.18,0.0,0.0447213595500118,1,0,0.1000000000000005,0.0,0.1000000000000005,0
345,7.1,73.0,7.1,78.2,0.0,-0.1000000000000005,7.1,7.159999999999999,0.0,0.0547722557505306,1,0,0.0,0.0,0.1000000000000005,0
350,7.1,73.0,7.2,79.0,0.0,0.1000000000000005,7.1,7.159999999999999,0.0,0.0547722557505306,1,0,0.1000000000000005,0.0,0.1000000000000005,0
355,7.6,81.0,8.5,86.1,0.5,1.2999999999999998,7.2,7.419999999999999,0.2236067977499773,0.6058052492344387,0,0,0.9000000000000004,0.5,1.2999999999999998,0
360,8.4,84.0,8.9,94.9,0.8000000000000007,0.4000000000000003,7.459999999999999,7.779999999999999,0.5683308895353125,0.8526429498916879,0,0,0.5,0.8000000000000007,0.4000000000000003,1
365,8.8,88.0,9.3,100.0,0.4000000000000003,0.4000000000000003,7.8,8.2,0.7713624310270756,0.9999999999999992,0,0,0.5,0.4000000000000003,0.4000000000000003,1
370,9.6,89.0,9.9,100.0,0.7999999999999989,0.5999999999999996,8.3,8.760000000000002,0.9848857801796106,1.0139033484509246,0,0,0.3000000000000007,0.7999999999999989,0.5999999999999996,1
375,9.9,92.0,10.3,100.0,0.3000000000000007,0.4000000000000003,8.86,9.38,0.9262828941527542,0.7293833011524151,0,0,0.4000000000000003,0.3000000000000007,0.4000000000000003,1
380,10.3,93.0,10.5,100.0,0.4000000000000003,0.1999999999999993,9.400000000000002,9.78,0.7842193570679097,0.6723094525588585,0,0,0.1999999999999993,0.4000000000000003,0.1999999999999993,1
385,10.4,93.0,10.5,100.0,0.0999999999999996,0.0,9.8,10.1,0.6442049363362617,0.5099019513592685,0,1,0.0999999999999996,0.0999999999999996,0.0,0
390,10.8,94.0,10.5,100.0,0.4000000000000003,0.0,10.2,10.34,0.4636809247747945,0.2607680962080833,0,1,0.3000000000000007,0.4000000000000003,0.0,1
395,10.3,94.0,10.3,100.0,-0.5,-0.1999999999999993,10.34,10.42,0.3209361307176377,0.1095445115009761,0,0,0.0,0.5,0.1999999999999993,0
400,10.3,94.0,10.2,100.0,0.0,-0.1000000000000014,10.420000000000002,10.4,0.2167948338868082,0.1414213562372665,1,0,0.1000000000000014,0.0,0.1000000000000014,0
405,10.3,94.0,10.0,100.0,0.0,-0.1999999999999993,10.42,10.3,0.2167948338868082,0.212132034355938,1,0,0.3000000000000007,0.0,0.1999999999999993,0
410,9.9,94.0,9.9,100.0,-0.4000000000000003,-0.0999999999999996,10.32,10.18,0.31937438845344,0.2387467277262459,0,0,0.0,0.4000000000000003,0.0999999999999996,0
415,9.9,94.0,9.7,100.0,0.0,-0.200000000000001,10.14,10.02,0.2190890230020856,0.2387467277262505,1,0,0.200000000000001,0.0,0.200000000000001,0
420,9.9,94.0,9.5,100.0,0.0,-0.1999999999999993,10.06,9.86,0.2190890230020847,0.2701851217221153,1,0,0.4000000000000003,0.0,0.1999999999999993,0
425,9.6,94.0,9.3,100.0,-0.3000000000000007,-0.1999999999999993,9.919999999999998,9.68,0.2489979919597896,0.2863564212655207,0,0,0.2999999999999989,0.3000000000000007,0.1999999999999993,0
430,9.6,94.0,9.1,100.0,0.0,-0.200000000000001,9.78,9.5,0.16431676725157,0.3162277660168361,1,0,0.5,0.0,0.200000000000001,0
435,9.2,93.0,9.0,100.0,-0.4000000000000003,-0.0999999999999996,9.64,9.32,0.2880972058177687,0.2863564212655285,0,0,0.1999999999999993,0.4000000000000003,0.0999999999999996,0
440,9.2,93.0,8.9,100.0,0.0,-0.0999999999999996,9.499999999999998,9.16,0.3000000000000078,0.240831891575851,1,0,0.2999999999999989,0.0,0.0999999999999996,0
445,9.0,93.0,8.7,100.0,-0.1999999999999993,-0.200000000000001,9.32,9.0,0.2683281572999802,0.223606797749988,0,0,0.3000000000000007,0.1999999999999993,0.200000000000001,0
450,8.8,93.0,8.6,100.0,-0.1999999999999993,-0.0999999999999996,9.16,8.86,0.2966479394838292,0.2073644135332897,0,0,0.200000000000001,0.1999999999999993,0.0999999999999996,0
455,8.8,93.0,8.5,100.0,0.0,-0.0999999999999996,9.0,8.74,0.2000000000000004,0.2073644135332922,1,0,0.3000000000000007,0.0,0.0999999999999996,0
460,8.8,92.0,8.4,100.0,0.0,-0.0999999999999996,8.92,8.620000000000001,0.1788854381999818,0.1923538406167322,1,0,0.4000000000000003,0.0,0.0999999999999996,0
465,8.4,92.0,8.3,100.0,-0.4000000000000003,-0.0999999999999996,8.760000000000002,8.5,0.2190890230020623,0.1581138830084444,0,0,0.0999999999999996,0.4000000000000003,0.0999999999999996,0
470,8.4,92.0,8.3,100.0,0.0,0.0,8.64,8.42,0.2190890230020599,0.1303840481040867,1,1,0.0999999999999996,0.0,0.0,0
475,8.4,92.0,8.2,100.0,0.0,-0.1000000000000014,8.559999999999999,8.34,0.2190890230020582,0.1140175425099555,1,0,0.200000000000001,0.0,0.1000000000000014,0
480,8.4,92.0,8.1,100.0,0.0,-0.0999999999999996,8.48,8.26,0.1788854381999712,0.1140175425099586,1,0,0.3000000000000007,0.0,0.0999999999999996,0
485,8.4,92.0,8.1,100.0,0.0,0.0,8.4,8.2,0.0,0.100000000000054,1,1,0.3000000000000007,0.0,0.0,0
490,8.4,92.0,8.0,100.0,0.0,-0.0999999999999996,8.4,8.139999999999999,0.0,0.114017542509964,1,0,0.4000000000000003,0.0,0.0999999999999996,0
495,8.0,91.0,8.0,100.0,-0.4000000000000003,0.0,8.32,8.08,0.1788854381999668,0.0836660026534792,0,1,0.0,0.4000000000000003,0.0,0
500,8.0,91.0,8.0,100.0,0.0,0.0,8.24,8.04,0.2190890230020514,0.0547722557506296,1,1,0.0,0.0,0.0,0
505,8.0,91.0,7.9,99.9,0.0,-0.0999999999999996,8.16,8.0,0.2190890230020498,0.0707106781187444,1,0,0.0999999999999996,0.0,0.0999999999999996,0
510,8.0,90.0,7.9,98.3,0.0,0.0,8.08,7.960000000000001,0.1788854381999608,0.0547722557506361,1,1,0.0999999999999996,0.0,0.0,0
515,8.0,90.0,7.9,96.6,0.0,0.0,8.0,7.94,0.0,0.0547722557506381,1,1,0.0999999999999996,0.0,0.0,0
520,8.0,89.0,7.8,94.9,0.0,-0.1000000000000005,8.0,7.9,0.0,0.0707106781187523,1,0,0.2000000000000001,0.0,0.1000000000000005,0
525,8.0,89.0,7.8,93.9,0.0,0.0,8.0,7.860000000000001,0.0,0.0547722557506471,1,1,0.2000000000000001,0.0,0.0,0
530,7.7,88.0,7.8,92.7,-0.2999999999999998,0.0,7.94,7.840000000000001,0.1341640786499527,0.0547722557506491,0,1,0.0999999999999996,0.2999999999999998,0.0,0
535,7.6,88.0,7.8,91.5,-0.1000000000000005,0.0,7.860000000000001,7.82,0.194935886896154,0.0447213595501604,0,1,0.2000000000000001,0.1000000000000005,0.0,0
540,7.6,88.0,7.7,90.5,0.0,-0.0999999999999996,7.779999999999999,7.779999999999999,0.2049390153191664,0.0447213595501655,1,0,0.1000000000000005,0.0,0.0999999999999996,0
545,7.6,88.0,7.7,89.5,0.0,0.0,7.7,7.76,0.1732050807568556,0.0547722557506572,1,1,0.1000000000000005,0.0,0.0,0
550,7.6,87.0,7.7,88.6,0.0,0.0,7.62,7.74,0.0447213595498638,0.0547722557506592,1,1,0.1000000000000005,0.0,0.0,0
555,7.6,86.0,7.7,87.8,0.0,0.0,7.6,7.720000000000001,0.0,0.0447213595501731,1,1,0.1000000000000005,0.0,0.0,0
560,7.6,85.0,7.7,87.0,0.0,0.0,7.6,7.7,0.0,0.0,1,1,0.1000000000000005,0.0,0.0,0
565,7.6,85.0,7.6,86.4,0.0,-0.1000000000000005,7.6,7.68,0.0,0.044721359550179,1,0,0.0,0.0,0.1000000000000005,0
570,7.6,84.0,7.6,85.6,0.0,0.0,7.6,7.659999999999999,0.0,0.0547722557506685,1,1,0.0,0.0,0.0,0
575,7.6,84.0,7.5,84.7,0.0,-0.0999999999999996,7.6,7.62,0.0,0.0836660026535097,1,0,0.0999999999999996,0.0,0.0999999999999996,0
580,7.6,84.0,7.5,84.5,0.0,0.0,7.6,7.58,0.0,0.0836660026535124,1,1,0.0999999999999996,0.0,0.0,0
585,7.6,83.0,7.5,84.0,0.0,0.0,7.6,7.540000000000001,0.0,0.0547722557506809,1,1,0.0999999999999996,0.0,0.0,0
590,7.3,83.0,7.5,83.5,-0.2999999999999998,0.0,7.540000000000001,7.52,0.134164078649941,0.0447213595501997,0,1,0.2000000000000001,0.2999999999999998,0.0,0
595,7.1,82.0,7.5,83.0,-0.2000000000000001,0.0,7.439999999999999,7.5,0.2302172886643981,0.0,0,1,0.4000000000000003,0.2000000000000001,0.0,0
600,7.1,82.0,7.4,82.6,0.0,-0.0999999999999996,7.340000000000001,7.479999999999999,0.2509980079601949,0.0447213595502056,1,0,0.3000000000000007,0.0,0.0999999999999996,0
605,7.1,81.0,7.4,82.3,0.0,0.0,7.239999999999999,7.460000000000001,0.2190890230020325,0.0547722557506903,1,1,0.3000000000000007,0.0,0.0,0
610,7.1,81.0,7.4,81.9,0.0,0.0,7.140000000000001,7.44,0.0894427190999033,0.0547722557506925,1,1,0.3000000000000007,0.0,0.0,0
615,7.1,80.0,7.4,81.6,0.0,0.0,7.1,7.42,0.0,0.0447213595502139,1,1,0.3000000000000007,0.0,0.0,0
620,7.1,80.0,7.4,81.3,0.0,0.0,7.1,7.4,0.0,0.0,1,1,0.3000000000000007,0.0,0.0,0
625,7.1,80.0,7.3,81.0,0.0,-0.1000000000000005,7.1,7.38,0.0,0.0447213595502204,1,0,0.2000000000000001,0.0,0.1000000000000005,0
630,7.1,80.0,7.3,80.4,0.0,0.0,7.1,7.360000000000001,0.0,0.0547722557507026,1,1,0.2000000000000001,0.0,0.0,0
635,7.1,80.0,7.3,80.6,0.0,0.0,7.1,7.340000000000001,0.0,0.054772255750705,1,1,0.2000000000000001,0.0,0.0,0
640,7.1,79.0,7.3,80.4,0.0,0.0,7.1,7.32,0.0,0.0447213595502293,1,1,0.2000000000000001,0.0,0.0,0
645,7.1,79.0,7.3,80.1,0.0,0.0,7.1,7.3,0.0,0.0,1,1,0.2000000000000001,0.0,0.0,0
650,7.1,78.0,7.2,79.6,0.0,-0.0999999999999996,7.1,7.279999999999999,0.0,0.0447213595502344,1,0,0.1000000000000005,0.0,0.0999999999999996,0
655,7.1,78.0,7.2,79.7,0.0,0.0,7.1,7.26,0.0,0.0547722557507134,1,1,0.1000000000000005,0.0,0.0,0
660,7.1,77.0,7.2,79.6,0.0,0.0,7.1,7.24,0.0,0.0547722557507154,1,1,0.1000000000000005,0.0,0.0,0
665,7.1,77.0,7.2,79.4,0.0,0.0,7.1,7.220000000000001,0.0,0.0447213595502419,1,1,0.1000000000000005,0.0,0.0,0
670,7.1,76.0,7.2,79.3,0.0,0.0,7.1,7.2,0.0,0.0,1,1,0.1000000000000005,0.0,0.0,0
675,7.1,76.0,7.1,79.1,0.0,-0.1000000000000005,7.1,7.18,0.0,0.0447213595502479,1,0,0.0,0.0,0.1000000000000005,0
680,7.1,76.0,7.2,79.0,0.0,0.1000000000000005,7.1,7.18,0.0,0.0447213595502479,1,0,0.1000000000000005,0.0,0.1000000000000005,0
685,7.1,76.0,7.1,78.8,0.0,-0.1000000000000005,7.1,7.159999999999999,0.0,0.0547722557507247,1,0,0.0,0.0,0.1000000000000005,0
690,7.1,76.0,7.1,78.8,0.0,0.0,7.1,7.139999999999999,0.0,0.0547722557507268,1,1,0.0,0.0,0.0,0
695,7.1,76.0,7.1,78.7,0.0,0.0,7.1,7.119999999999999,0.0,0.0447213595502555,1,1,0.0,0.0,0.0,0
700,7.1,76.0,7.1,78.6,0.0,0.0,7.1,7.12,0.0,0.0447213595502555,1,1,0.0,0.0,0.0,0
705,7.1,75.0,7.1,78.3,0.0,0.0,7.1,7.1,0.0,0.0,1,1,0.0,0.0,0.0,0
710,7.1,75.0,7.0,78.3,0.0,-0.0999999999999996,7.1,7.08,0.0,0.044721359550261,1,0,0.0999999999999996,0.0,0.0999999999999996,0
715,7.1,75.0,7.0,78.2,0.0,0.0,7.1,7.06,0.0,0.0547722557507355,1,1,0.0999999999999996,0.0,0.0,0
720,7.1,75.0,7.0,78.0,0.0,0.0,7.1,7.040000000000001,0.0,0.0547722557507378,1,1,0.0999999999999996,0.0,0.0,0
725,7.0,75.0,7.0,78.0,-0.0999999999999996,0.0,7.08,7.019999999999999,0.044721359549813,0.0447213595502694,0,1,0.0,0.0999999999999996,0.0,0
730,6.7,74.0,7.0,77.9,-0.2999999999999998,0.0,7.0,7.0,0.1732050807568384,0.0,0,1,0.2999999999999998,0.2999999999999998,0.0,0
735,6.7,74.0,7.0,77.8,0.0,0.0,6.92,7.0,0.2049390153191488,0.0,1,1,0.2999999999999998,0.0,0.0,0
740,6.7,74.0,7.0,77.8,0.0,0.0,6.839999999999999,7.0,0.1949358868961325,0.0,1,1,0.2999999999999998,0.0,0.0,0
745,6.7,74.0,7.0,77.7,0.0,0.0,6.76,7.0,0.1341640786499176,0.0,1,1,0.2999999999999998,0.0,0.0,0
750,6.7,74.0,6.9,77.3,0.0,-0.0999999999999996,6.7,6.98,0.0,0.0447213595502753,1,0,0.2000000000000001,0.0,0.0999999999999996,0
755,6.7,74.0,6.9,77.6,0.0,0.0,6.7,6.959999999999999,0.0,0.0547722557507472,1,1,0.2000000000000001,0.0,0.0,0
760,6.7,73.0,6.9,77.5,0.0,0.0,6.7,6.94,0.0,0.0547722557507494,1,1,0.2000000000000001,0.0,0.0,0
765,6.7,73.0,6.9,77.4,0.0,0.0,6.7,6.92,0.0,0.0447213595502836,1,1,0.2000000000000001,0.0,0.0,0
770,6.7,73.0,6.9,77.4,0.0,0.0,6.7,6.9,0.0,0.0,1,1,0.2000000000000001,0.0,0.0,0
775,6.7,73.0,6.9,77.4,0.0,0.0,6.7,6.9,0.0,0.0,1,1,0.2000000000000001,0.0,0.0,0
780,6.7,73.0,6.9,77.3,0.0,0.0,6.7,6.9,0.0,0.0,1,1,0.2000000000000001,0.0,0.0,0
785,6.7,73.0,6.9,77.3,0.0,0.0,6.7,6.9,0.0,0.0,1,1,0.2000000000000001,0.0,0.0,0
790,6.7,73.0,6.8,77.2,0.0,-0.1000000000000005,6.7,6.88,0.0,0.04472135955029,1,0,0.0999999999999996,0.0,0.1000000000000005,0
795,6.7,72.0,6.8,77.1,0.0,0.0,6.7,6.860000000000001,0.0,0.0547722557507595,1,1,0.0999999999999996,0.0,0.0,0
800,6.7,72.0,6.8,77.0,0.0,0.0,6.7,6.840000000000001,0.0,0.0547722557507619,1,1,0.0999999999999996,0.0,0.0,0
805,6.7,72.0,6.8,76.9,0.0,0.0,6.7,6.82,0.0,0.044721359550299,1,1,0.0999999999999996,0.0,0.0,0
810,6.7,72.0,6.8,76.8,0.0,0.0,6.7,6.8,0.0,0.0,1,1,0.0999999999999996,0.0,0.0,0
815,6.7,72.0,6.8,76.7,0.0,0.0,6.7,6.8,0.0,0.0,1,1,0.0999999999999996,0.0,0.0,0
820,6.7,72.0,6.8,76.6,0.0,0.0,6.7,6.8,0.0,0.0,1,1,0.0999999999999996,0.0,0.0,0
825,6.7,72.0,6.8,76.6,0.0,0.0,6.7,6.8,0.0,0.0,1,1,0.0999999999999996,0.0,0.0,0
830,6.7,72.0,6.8,76.5,0.0,0.0,6.7,6.8,0.0,0.0,1,1,0.0999999999999996,0.0,0.0,0
835,6.7,72.0,6.8,76.4,0.0,0.0,6.7,6.8,0.0,0.0,1,1,0.0999999999999996,0.0,0.0,0
840,6.7,72.0,6.7,76.3,0.0,-0.0999999999999996,6.7,6.779999999999999,0.0,0.044721359550304,1,0,0.0,0.0,0.0999999999999996,0
845,6.7,72.0,6.7,76.3,0.0,0.0,6.7,6.76,0.0,0.0547722557507703,1,1,0.0,0.0,0.0,0
850,6.7,72.0,6.8,78.2,0.0,0.0999999999999996,6.7,6.76,0.0,0.0547722557507703,1,0,0.0999999999999996,0.0,0.0999999999999996,0
855,6.7,74.0,6.9,80.9,0.0,0.1000000000000005,6.7,6.779999999999999,0.0,0.0836660026535724,1,0,0.2000000000000001,0.0,0.1000000000000005,0
860,7.1,76.0,7.2,83.6,0.3999999999999994,0.2999999999999998,6.779999999999999,6.860000000000001,0.1788854381999309,0.2073644135333416,0,0,0.1000000000000005,0.3999999999999994,0.2999999999999998,0
865,8.0,94.0,8.03687736368073,100.0,0.0,0.0295485570723756,8.0,8.03687736368073,0.3209361307176377,0.1095445115009761,0,0,0.0368773636807304,0.5,0.1999999999999993,1
870,8.3,76.0,8.385034683674455,79.8,0.3,0.3,8.3,8.385034683674455,0.0,0.0447213595499959,1,1,0.0850346836744542,0.0,0.0,1
875,8.6,76.0,8.741694346165854,80.7,0.3,0.3,8.6,8.741694346165854,0.0,0.054772255750508,1,1,0.1416943461658544,0.0,0.0,1
880,8.9,94.0,8.987328965071521,100.0,0.3,0.3,8.9,8.987328965071521,0.2190890230020847,0.2701851217221153,1,0,0.0873289650715207,0.0,0.1999999999999993,1
885,9.2,90.0,9.243522733731272,98.3,0.3,0.3,9.2,9.243522733731272,0.1788854381999608,0.0547722557506361,1,1,0.0435227337312724,0.0,0.0,1
890,9.5,91.0,9.28698638961986,100.0,0.3,0.3,9.5,9.28698638961986,0.2190890230020514,0.0547722557506296,1,1,0.2130136103801394,0.0,0.0,1
895,9.8,94.0,9.901359741343846,100.0,0.3,0.3,9.8,9.901359741343846,0.31937438845344,0.2387467277262459,0,0,0.1013597413438454,0.4000000000000003,0.0999999999999996,1
900,10.1,76.0,10.28544333575154,80.4,0.3,0.3,10.1,10.28544333575154,0.0,0.0447213595499878,1,0,0.1854433357515414,0.0,0.1000000000000005,1
905,10.4,76.0,10.582726936293032,79.8,0.3,0.3,10.4,10.582726936293032,0.0,0.0447213595499959,1,1,0.182726936293033,0.0,0.0,1
910,10.7,77.0,10.600011889746945,80.9,0.3,0.3,10.7,10.600011889746945,0.0,0.054772255750516,1,1,0.0999881102530544,0.0,0.0,1
915,11.0,78.0,11.292300501928256,81.0,0.3,0.3,11.0,11.292300501928256,0.0,0.0707106781186561,1,0,0.2923005019282563,0.0,0.1000000000000014,1
920,11.3,81.0,11.14873259324805,82.2,0.3,0.3,11.3,11.14873259324805,0.0,0.0,1,1,0.1512674067519501,0.0,0.0,1
925,11.6,91.0,11.847792153654968,99.9,0.3,0.3,11.6,11.847792153654968,0.2190890230020498,0.0707106781187444,1,0,0.2477921536549683,0.0,0.0999999999999996,1
930,11.9,91.0,11.81465844560663,100.0,0.3,0.3,11.9,11.81465844560663,0.2190890230020514,0.0547722557506296,1,1,0.0853415543933699,0.0,0.0,1
935,12.2,91.0,12.113294622316907,99.9,0.3,0.3,12.2,12.113294622316907,0.2190890230020498,0.0707106781187444,1,0,0.0867053776830903,0.0,0.0999999999999996,1
940,12.5,76.0,12.419124982090596,80.5,0.3,0.3,12.5,12.419124982090596,0.1788854381999822,0.0447213595499858,1,1,0.0808750179094044,0.0,0.0,1
945,12.8,75.0,12.780815360914143,79.3,0.3,0.3,12.8,12.780815360914143,0.0,0.0547722557505209,1,1,0.0191846390858554,0.0,0.0,1
950,13.1,74.0,13.208231685083346,78.9,0.3,0.3,13.1,13.208231685083346,0.0,0.0447213595500054,1,1,0.1082316850833464,0.0,0.0,1
955,13.4,80.0,13.176607455095183,81.7,0.3,0.3,13.4,13.176607455095183,0.0,0.0547722557505161,1,1,0.223392544904815,0.0,0.0,1
960,13.7,78.0,13.825076830305171,81.0,0.3,0.3,13.7,13.825076830305171,0.0447213595499913,0.0547722557505187,1,1,0.1250768303051721,0.0,0.0,1
965,14.0,92.0,13.988468133387554,100.0,0.3,0.3,14.0,13.988468133387554,0.0,0.100000000000054,1,1,0.0115318666124455,0.0,0.0,1
970,14.3,75.0,14.096588661675344,79.4,0.3,0.3,14.3,14.096588661675344,0.1341640786499849,0.0547722557505205,1,1,0.2034113383246563,0.0,0.0,1
975,14.6,75.0,14.594525562032151,79.7,0.3,0.3,14.6,14.594525562032151,0.0,0.0,1,1,0.0054744379678481,0.0,0.0,1
980,14.9,75.0,14.73220461267664,79.4,0.3,0.3,14.9,14.73220461267664,0.1341640786499849,0.0547722557505205,1,1,0.1677953873233573,0.0,0.0,1
985,15.2,94.0,15.236570539307044,100.0,0.3,0.3,15.2,15.236570539307044,0.2190890230020856,0.2387467277262505,1,0,0.0365705393070445,0.0,0.200000000000001,1
990,15.5,76.0,15.471500079397142,79.8,0.3,0.3,15.5,15.471500079397142,0.0,0.0447213595499959,1,1,0.0284999206028579,0.0,0.0,1
995,15.8,80.0,15.817445381485223,81.8,0.3,0.3,15.8,15.817445381485223,0.0,0.0707106781186552,1,0,0.0174453814852224,0.0,0.0999999999999996,1
1000,16.1,75.0,16.061378179434072,79.2,0.3,0.3,16.1,16.061378179434072,0.0,0.0447213595500017,1,1,0.038621820565929,0.0,0.0,1
1005,16.4,90.0,16.357252084143248,98.3,0.3,0.3,16.4,16.357252084143248,0.1788854381999608,0.0547722557506361,1,1,0.0427479158567507,0.0,0.0,1
1010,16.7,78.0,16.583201713382138,81.2,0.3,0.3,16.7,16.583201713382138,0.2049390153191916,0.0707106781186568,1,0,0.1167982866178611,0.0,0.0999999999999996,1
1015,8.0,75.0,7.783751220134531,79.3,0.0,0.0684362268262374,8.0,7.783751220134531,0.0,0.0547722557505209,1,1,0.2162487798654693,0.0,0.0,1
1020,8.5,76.0,8.386321555377448,80.5,0.5,0.5,8.5,8.386321555377448,0.1788854381999822,0.0447213595499858,1,1,0.1136784446225522,0.0,0.0,1
1025,9.0,74.0,8.847423849104757,78.7,0.5,0.5,9.0,8.847423849104757,0.0,0.0447213595500069,1,0,0.1525761508952428,0.0,0.0999999999999996,1
1030,9.5,80.0,9.391987327761036,81.8,0.5,0.5,9.5,9.391987327761036,0.0,0.0707106781186552,1,0,0.1080126722389636,0.0,0.0999999999999996,1
1035,10.0,76.0,9.76787854004344,80.6,0.5,0.5,10.0,9.76787854004344,0.0,0.0547722557505077,1,1,0.2321214599565593,0.0,0.0,1
1040,10.5,75.0,10.329156260389718,79.3,0.5,0.5,10.5,10.329156260389718,0.0,0.0547722557505209,1,1,0.1708437396102819,0.0,0.0,1
1045,11.0,76.0,10.841827426896373,80.6,0.5,0.5,11.0,10.841827426896373,0.0,0.0547722557505077,1,1,0.1581725731036289,0.0,0.0,1
1050,11.5,75.0,11.553952240375006,79.2,0.5,0.5,11.5,11.553952240375006,0.0,0.0,1,1,0.0539522403750059,0.0,0.0,1
1055,12.0,76.0,12.232096915642048,80.0,0.5,0.5,12.0,12.232096915642048,0.0,0.0447213595499922,1,1,0.2320969156420478,0.0,0.0,1
1060,12.5,76.0,12.67998033400929,80.5,0.5,0.5,12.5,12.67998033400929,0.1788854381999822,0.0447213595499858,1,1,0.17998033400929,0.0,0.0,1
1065,13.0,81.0,12.89783410964206,82.4,0.5,0.5,13.0,12.89783410964206,0.0,0.0,1,1,0.1021658903579414,0.0,0.0,1
1070,13.5,75.0,13.448363598214248,79.2,0.5,0.5,13.5,13.448363598214248,0.0,0.0447213595500017,1,1,0.0516364017857515,0.0,0.0,1
1075,14.0,80.0,14.188081353834562,81.8,0.5,0.5,14.0,14.188081353834562,0.0,0.0707106781186552,1,0,0.188081353834562,0.0,0.0999999999999996,1
1080,14.5,76.0,14.448999087538745,80.4,0.5,0.5,14.5,14.448999087538745,0.0,0.0447213595499878,1,0,0.0510009124612569,0.0,0.1000000000000005,1
1085,15.0,74.0,15.04449961380557,78.7,0.5,0.5,15.0,15.04449961380557,0.0,0.0547722557505264,1,1,0.0444996138055699,0.0,0.0,1
1090,15.5,74.0,15.316181219677372,79.0,0.5,0.5,15.5,15.316181219677372,0.0,0.0547722557505242,1,1,0.1838187803226283,0.0,0.0,1
1095,16.0,80.0,15.976227516042632,81.5,0.5,0.5,16.0,15.976227516042632,0.0,0.0836660026534067,1,1,0.0237724839573676,0.0,0.0,1
1100,16.5,73.0,16.47150750215969,78.3,0.5,0.5,16.5,16.47150750215969,0.0,0.0447213595500118,1,0,0.0284924978403111,0.0,0.1000000000000005,1
1105,17.0,78.0,16.737083705916035,81.0,0.5,0.5,17.0,16.737083705916035,0.0447213595499913,0.0547722557505187,1,1,0.2629162940839649,0.0,0.0,1
1110,17.5,78.0,17.398509125579363,81.0,0.5,0.5,17.5,17.398509125579363,0.0447213595499913,0.0547722557505187,1,1,0.1014908744206373,0.0,0.0,1
1115,18.0,76.0,17.92226492637019,80.0,0.5,0.5,18.0,17.92226492637019,0.0,0.0547722557505159,1,1,0.0777350736298103,0.0,0.0,1
1120,18.5,80.0,18.877233683652715,82.1,0.5,0.5,18.5,18.877233683652715,0.0,0.0577350269189636,1,0,0.3772336836527152,0.0,0.1000000000000014,1
1125,19.0,90.0,19.159489994757077,96.6,0.5,0.5,19.0,19.159489994757077,0.0,0.0547722557506381,1,1,0.1594899947570738,0.0,0.0,1
1130,19.5,79.0,19.52665791759956,81.2,0.5,0.5,19.5,19.52665791759956,0.0,0.0547722557505161,1,1,0.0266579175995609,0.0,0.0,1
1135,8.0,73.0,7.952317021623128,78.4,0.0,-0.049452167367866,8.0,7.952317021623128,0.0,0.0,1,1,0.0476829783768719,0.0,0.0,1
1140,8.8,75.0,8.93697483990921,79.4,0.8,0.8,8.8,8.93697483990921,0.2190890230020655,0.0447213595499986,0,1,0.1369748399092092,0.3000000000000007,0.0,1
1145,9.6,73.0,9.75908022355369,78.4,0.8,0.8,9.6,9.75908022355369,0.0,0.0,1,1,0.1590802235536905,0.0,0.0,1
1150,10.4,73.0,10.246384610660272,78.2,0.8,0.8,10.4,10.246384610660272,0.0,0.0547722557505306,1,0,0.1536153893397269,0.0,0.1000000000000005,1
1155,11.2,92.0,11.319891944188226,100.0,0.8,0.8,11.2,11.319891944188226,0.2190890230020599,0.1303840481040867,1,1,0.1198919441882271,0.0,0.0,1
1160,12.0,94.0,12.272034455086848,100.0,0.8,0.8,12.0,12.272034455086848,0.31937438845344,0.2387467277262459,0,0,0.2720344550868478,0.4000000000000003,0.0999999999999996,1
1165,12.8,76.0,13.028102375766323,80.7,0.8,0.8,12.8,13.028102375766323,0.0,0.054772255750508,1,1,0.2281023757663227,0.0,0.0,1
1170,13.6,74.0,13.71588122577786,78.6,0.8,0.8,13.6,13.71588122577786,0.0,0.0547722557505271,1,1,0.1158812257778585,0.0,0.0,1
1175,14.4,74.0,14.277784487810097,78.5,0.8,0.8,14.4,14.277784487810097,0.0,0.0,1,1,0.1222155121899035,0.0,0.0,1
1180,15.2,75.0,14.90379667914789,79.3,0.8,0.8,15.2,14.90379667914789,0.0,0.0547722557505209,1,1,0.2962033208521095,0.0,0.0,1
1185,16.0,93.0,16.461418593010624,100.0,0.8,0.8,16.0,16.461418593010624,0.3000000000000078,0.240831891575851,1,0,0.4614185930106238,0.0,0.0999999999999996,1
1190,16.8,92.0,16.903088290130736,100.0,0.8,0.8,16.8,16.903088290130736,0.1788854381999712,0.1140175425099586,1,0,0.103088290130735,0.0,0.0999999999999996,1
1195,17.6,76.0,17.66625923814306,80.6,0.8,0.8,17.6,17.66625923814306,0.0,0.0547722557505077,1,1,0.0662592381430577,0.0,0.0,1
1200,18.4,80.0,18.25896330066172,82.0,0.8,0.8,18.4,18.25896330066172,0.0,0.0577350269189636,1,1,0.141036699338283,0.0,0.0,1
1205,19.200000000000003,76.0,19.149931821739106,80.7,0.8,0.8,19.200000000000003,19.149931821739106,0.0,0.054772255750508,1,1,0.0500681782609007,0.0,0.0,1
1210,20.0,78.0,20.05079026825469,81.2,0.8,0.8,20.0,20.05079026825469,0.2049390153191916,0.0707106781186568,1,0,0.0507902682546905,0.0,0.0999999999999996,1
1215,20.8,73.0,20.648245970336056,78.2,0.8,0.8,20.8,20.648245970336056,0.0,0.0547722557505306,1,0,0.1517540296639445,0.0,0.1000000000000005,1
1220,21.6,76.0,21.744250331922185,80.5,0.8,0.8,21.6,21.744250331922185,0.1788854381999822,0.0447213595499845,0,0,0.1442503319221835,0.4000000000000003,0.0999999999999996,1
1225,22.4,74.0,22.23218892462388,78.2,0.8,0.8,22.4,22.23218892462388,0.0,0.0,1,1,0.1678110753761181,0.0,0.0,1
1230,23.200000000000003,80.0,23.24563790418683,81.8,0.8,0.8,23.200000000000003,23.24563790418683,0.0,0.0547722557505176,1,1,0.045637904186826,0.0,0.0,1
1235,24.0,74.0,23.75294580570046,78.7,0.8,0.8,24.0,23.75294580570046,0.0,0.0547722557505264,1,1,0.2470541942995403,0.0,0.0,1
1240,24.8,93.0,24.8566342256679,100.0,0.8,0.8,24.8,24.8566342256679,0.2000000000000004,0.2073644135332922,1,0,0.0566342256678993,0.0,0.0999999999999996,1
1245,25.6,80.0,25.701627974988096,82.0,0.8,0.8,25.6,25.701627974988096,0.0,0.0577350269189636,1,1,0.1016279749880944,0.0,0.0,1
1250,26.4,76.0,26.35567559993413,80.0,0.8,0.8,26.4,26.35567559993413,0.0,0.0547722557505159,1,1,0.044324400065868,0.0,0.0,1
1255,27.200000000000003,73.0,27.04040368640062,78.2,0.8,0.8,27.200000000000003,27.04040368640062,0.0,0.0547722557505306,1,0,0.1595963135993834,0.0,0.1000000000000005,1
1260,28.0,77.0,28.005460723326667,80.9,0.8,0.8,28.0,28.005460723326667,0.0,0.054772255750516,1,1,0.0054607233266672,0.0,0.0,1
1265,28.8,76.0,28.85756156626579,80.0,0.8,0.8,28.8,28.85756156626579,0.0,0.0547722557505127,1,1,0.0575615662657895,0.0,0.0,1
1270,29.6,80.0,29.54234172491929,81.8,0.8,0.8,29.6,29.54234172491929,0.0,0.0707106781186552,1,0,0.0576582750807119,0.0,0.0999999999999996,1
1275,30.4,73.0,30.25710843551568,78.2,0.8,0.8,30.4,30.25710843551568,0.0,0.0547722557505306,1,0,0.1428915644843229,0.0,0.1000000000000005,1
1280,31.200000000000003,74.0,31.28352169298045,78.5,0.8,0.8,31.200000000000003,31.28352169298045,0.0,0.0,1,1,0.0835216929804509,0.0,0.0,1
1285,12.362977116185396,80.0,12.170483178713262,81.8,0.0103203190050042,0.0109614654219453,12.362977116185396,12.170483178713262,0.0,0.0547722557505176,1,1,0.1924939374721344,0.0,0.0,1
1290,13.1850577777236,76.0,13.209979939840071,80.1,0.0242666148454132,0.0316005688637562,13.1850577777236,13.209979939840071,0.0,0.0447213595499906,1,0,0.0249221621164732,0.0,0.0999999999999996,1
1295,13.27106386415268,91.0,13.441751991243416,100.0,-0.0483398992918429,-0.0197099181661488,13.27106386415268,13.441751991243416,0.1788854381999668,0.0836660026534792,0,1,0.1706881270907363,0.4000000000000003,0.0,1
1300,11.748452190333234,75.0,11.628628629125709,79.4,0.01596057091544,-0.0077439408987714,11.748452190333234,11.628628629125709,0.1341640786499849,0.0547722557505205,1,1,0.1198235612075251,0.0,0.0,1
1305,11.450277068682633,94.0,11.362386158655708,100.0,0.0099766605325811,0.0460378728273527,11.450277068682633,11.362386158655708,0.2190890230020847,0.2701851217221153,1,0,0.0878909100269229,0.0,0.1999999999999993,1
1310,12.385152410819211,74.0,12.208030948407966,79.0,-0.0071562557957782,-0.0336612021850522,12.385152410819211,12.208030948407966,0.0,0.0547722557505242,1,1,0.1771214624112449,0.0,0.0,1
1315,12.241026636497086,94.0,12.45354307034732,100.0,-0.0295543162328648,-0.0403625791646879,12.241026636497086,12.45354307034732,0.3209361307176377,0.1095445115009761,0,0,0.2125164338502347,0.5,0.1999999999999993,1
1320,10.68603540222698,74.0,10.35273144549834,78.7,0.0203028000256202,0.0165069936482435,10.68603540222698,10.35273144549834,0.0,0.0547722557505264,1,1,0.3333039567286384,0.0,0.0,1
1325,14.603422931734826,74.0,14.301786388546642,78.5,0.0427186973360984,0.0238289751424504,14.603422931734826,14.301786388546642,0.0,0.0,1,1,0.3016365431881844,0.0,0.0,1
1330,14.38116017966319,91.0,14.411933402459397,100.0,-0.0234437988034083,0.0476336861576304,14.38116017966319,14.411933402459397,0.2190890230020514,0.0547722557506296,1,1,0.0307732227962063,0.0,0.0,1
1335,13.825961102160509,93.0,13.832146349670593,100.0,-0.049913051071292,-0.0412871620847078,13.825961102160509,13.832146349670593,0.2880972058177687,0.2863564212655285,0,0,0.006185247510082,0.4000000000000003,0.0999999999999996,1
1340,10.725291181820232,93.0,11.172513787037188,100.0,0.0132320072899796,-0.0149238863967718,10.725291181820232,11.172513787037188,0.2966479394838292,0.2073644135332897,0,0,0.4472226052169556,0.1999999999999993,0.0999999999999996,1
1345,12.919813217989446,74.0,12.681683694191667,79.0,-0.0327377707848335,0.0406585747336149,12.919813217989446,12.681683694191667,0.0,0.0547722557505237,1,1,0.2381295237977774,0.0,0.0,1
1350,14.585737722445169,90.0,14.509341319704877,96.6,0.0185773480775737,0.001657833397016,14.585737722445169,14.509341319704877,0.0,0.0547722557506381,1,1,0.0763964027402916,0.0,0.0,1
1355,10.914152931080006,76.0,10.678280240180005,80.2,-0.0354991500346714,0.0195695146947841,10.914152931080006,10.678280240180005,0.0,0.0447213595499895,1,1,0.2358726909000008,0.0,0.0,1
1360,14.592239542229152,80.0,14.23421865370414,81.8,0.0306509738683808,-0.0180721341843843,14.592239542229152,14.23421865370414,0.0,0.0707106781186552,1,0,0.3580208885250115,0.0,0.0999999999999996,1
1365,13.80223118266507,75.0,13.681989763612478,79.3,0.025616501051468,-0.0486730143992706,13.80223118266507,13.681989763612478,0.0,0.0547722557505209,1,1,0.1202414190525917,0.0,0.0,1
1370,11.017471722326196,81.0,11.382403473685487,82.2,-0.0111164390230459,-0.0011662837431719,11.017471722326196,11.382403473685487,0.0,0.0,1,1,0.3649317513592915,0.0,0.0,1
1375,11.025007415675974,93.0,10.94905431761277,100.0,0.0271837990178715,0.0015045115268882,11.025007415675974,10.94905431761277,0.3000000000000078,0.240831891575851,1,0,0.0759530980632039,0.0,0.0999999999999996,1
1380,13.671989961330787,90.0,13.985574081086442,98.3,0.0031015940839338,-0.0446997936417973,13.671989961330787,13.985574081086442,0.1788854381999608,0.0547722557506361,1,1,0.3135841197556548,0.0,0.0,1
1385,11.148698971640233,92.0,11.016539250855958,100.0,0.0097622018058933,0.0307791556512683,11.148698971640233,11.016539250855958,0.2190890230020582,0.1140175425099555,1,0,0.1321597207842746,0.0,0.1000000000000014,1
1390,14.587075857366727,76.0,14.68191195796211,80.5,0.0102281703260587,0.0051343323052908,14.587075857366727,14.68191195796211,0.1788854381999822,0.0447213595499858,1,1,0.0948361005953817,0.0,0.0,1
1395,13.269981383264444,76.0,13.48550415488352,80.4,-0.0333898760417608,0.0205057604904715,13.269981383264444,13.48550415488352,0.0,0.0447213595499878,1,0,0.2155227716190761,0.0,0.1000000000000005,1
1400,14.478673334497406,91.0,14.478575157169326,100.0,0.0215134538126665,0.0188754310131805,14.478673334497406,14.478575157169326,0.2190890230020514,0.0547722557506296,1,1,9.817732808059532e-05,0.0,0.0,1
1405,12.194678570776537,73.0,12.183232249708633,79.0,0.0119826296479402,0.0177132037228753,12.194678570776537,12.183232249708633,0.0,0.0547722557505306,1,0,0.0114463210679041,0.0,0.1000000000000005,1
1410,10.643314615952317,75.0,10.886699694506271,79.6,0.0292984264878582,0.0449566926295341,10.643314615952317,10.886699694506271,0.0,0.0547722557505179,1,1,0.2433850785539579,0.0,0.0,1
1415,14.062851619764176,94.0,14.4263085459306,100.0,0.0294584930504027,-0.0379071082799397,14.062851619764176,14.4263085459306,0.2167948338868082,0.1414213562372665,1,0,0.3634569261664246,0.0,0.1000000000000014,1
1420,11.327308598750486,78.0,11.475826468303636,81.0,-0.0494727934666101,0.0212081350504893,11.327308598750486,11.475826468303636,0.0447213595499913,0.0547722557505187,1,1,0.1485178695531512,0.0,0.0,1
1425,13.536728906614066,76.0,13.713917009246234,80.7,0.0205866661074732,-0.0448509375992322,13.536728906614066,13.713917009246234,0.0,0.054772255750508,1,1,0.1771881026321686,0.0,0.0,1
1430,14.869844788667908,78.0,14.588599637091656,81.0,0.0373320719208922,-0.0125159854267912,14.869844788667908,14.588599637091656,0.0447213595499913,0.0547722557505187,1,1,0.2812451515762522,0.0,0.0,1
1435,8.0,92.0,7.880263141701886,100.0,0.0,0.0735300437638908,8.0,7.880263141701886,0.2190890230020623,0.1581138830084444,0,0,0.1197368582981139,0.4000000000000003,0.0999999999999996,1
1440,8.6,94.0,8.75699315093114,100.0,0.6,0.6,8.6,8.75699315093114,0.2190890230020856,0.2387467277262505,1,0,0.1569931509311395,0.0,0.200000000000001,1
1445,9.2,74.0,9.047876477886463,78.7,0.6,0.6,9.2,9.047876477886463,0.0,0.0447213595500069,1,0,0.1521235221135342,0.0,0.0999999999999996,1
1450,8.6,94.0,8.405186270571512,100.0,0.2,0.2,8.6,8.405186270571512,0.2489979919597896,0.2863564212655207,0,0,0.1948137294284873,0.3000000000000007,0.1999999999999993,1
1455,9.6,74.0,9.42267371904106,78.7,0.4,0.4,9.6,9.42267371904106,0.0,0.0547722557505264,1,1,0.1773262809589386,0.0,0.0,1
1460,11.0,76.0,10.845307630972536,80.2,0.6,0.6,11.0,10.845307630972536,0.0,0.0447213595499895,1,1,0.1546923690274653,0.0,0.0,1
1465,11.6,74.0,11.179262382664303,78.7,0.6,0.6,11.6,11.179262382664303,0.0,0.0547722557505264,1,1,0.4207376173356962,0.0,0.0,1
1470,9.4,76.0,9.99166731929387,80.0,0.2,0.2,9.4,9.99166731929387,0.0,0.0547722557505159,1,1,0.5916673192938688,0.0,0.0,1
1475,9.6,74.0,9.865412495665607,78.5,0.2,0.2,9.6,9.865412495665607,0.0,0.0,1,1,0.2654124956656076,0.0,0.0,1
1480,13.4,75.0,13.515090687291057,79.4,0.6,0.6,13.4,13.515090687291057,0.1341640786499849,0.0547722557505205,1,1,0.1150906872910582,0.0,0.0,1
1485,12.0,92.0,12.0751789909943,100.0,0.4,0.4,12.0,12.0751789909943,0.2190890230020582,0.1140175425099555,1,0,0.075178990994301,0.0,0.1000000000000014,1
1490,10.2,91.0,9.938195355238353,99.9,0.2,0.2,10.2,9.938195355238353,0.2190890230020498,0.0707106781187444,1,0,0.2618046447616482,0.0,0.0999999999999996,1
1495,10.4,76.0,10.461950897622287,80.0,0.2,0.2,10.4,10.461950897622287,0.0,0.0447213595499942,1,0,0.0619508976222871,0.0,0.1000000000000005,1
1500,13.2,75.0,13.110650141938915,79.6,0.4,0.4,13.2,13.110650141938915,0.0,0.0547722557505179,1,1,0.0893498580610838,0.0,0.0,1
1505,16.4,78.0,16.21071886265414,81.0,0.6,0.6,16.4,16.21071886265414,0.0447213595499913,0.0547722557505187,1,1,0.1892811373458585,0.0,0.0,1
1510,8.6,76.0,8.41520874436894,80.7,0.6,0.6,8.6,8.41520874436894,0.0,0.054772255750508,1,1,0.18479125563106,0.0,0.0,1
1515,8.2,92.0,7.998060593547645,100.0,0.2,0.2,8.2,7.998060593547645,0.2190890230020582,0.1140175425099555,1,0,0.2019394064523538,0.0,0.1000000000000014,1
1520,14.8,78.0,14.381735003833542,81.0,0.4,0.4,14.8,14.381735003833542,0.0447213595499913,0.0547722557505187,1,1,0.4182649961664584,0.0,0.0,1
1525,12.2,76.0,12.128223762892125,80.3,0.6,0.6,12.2,12.128223762892125,0.0,0.0547722557505107,1,1,0.0717762371078762,0.0,0.0,1
1530,19.4,90.0,19.187055981971,98.3,0.6,0.6,19.4,19.187055981971,0.1788854381999608,0.0547722557506361,1,1,0.2129440180289989,0.0,0.0,1
1535,8.0,74.0,8.090842346750875,78.6,0.0,-0.0818919191992294,8.0,8.090842346750875,0.0,0.0547722557505271,1,1,0.0908423467508754,0.0,0.0,1
1540,9.0,94.0,8.892489319472624,100.0,0.2,0.2,9.0,8.892489319472624,0.2190890230020856,0.2387467277262505,1,0,0.1075106805273762,0.0,0.200000000000001,1
1545,10.4,78.0,10.461500262937472,81.2,0.6,0.6,10.4,10.461500262937472,0.2049390153191916,0.0707106781186568,1,0,0.0615002629374714,0.0,0.0999999999999996,1
1550,11.6,93.0,11.61724507442428,100.0,0.6,0.6,11.6,11.61724507442428,0.2683281572999802,0.223606797749988,0,0,0.0172450744242791,0.1999999999999993,0.200000000000001,1
1555,9.2,79.0,9.688362010825704,81.4,0.6,0.6,9.2,9.688362010825704,0.1341640786499875,0.0547722557505187,0,1,0.4883620108257052,0.3000000000000007,0.0,1
1560,10.0,76.0,10.085636724378569,80.7,0.2,0.2,10.0,10.085636724378569,0.0,0.054772255750508,1,1,0.0856367243785687,0.0,0.0,1
1565,12.8,76.0,12.351352897215978,80.5,0.6,0.6,12.8,12.351352897215978,0.2190890230020658,0.0547722557505079,1,1,0.4486471027840224,0.0,0.0,1
1570,10.0,76.0,9.97315665684276,80.4,0.4,0.4,10.0,9.97315665684276,0.0,0.0447213595499878,1,0,0.0268433431572407,0.0,0.1000000000000005,1
1575,10.8,79.0,11.031184550741926,81.4,0.4,0.4,10.8,11.031184550741926,0.0,0.0707106781186554,1,0,0.2311845507419256,0.0,0.0999999999999996,1
1580,12.0,75.0,12.174552526653596,79.6,0.4,0.4,12.0,12.174552526653596,0.089442719099989,0.0547722557505183,0,1,0.1745525266535956,0.1999999999999993,0.0,1
1585,8.0,80.0,7.925595982800699,82.0,0.0,0.010393919045368,8.0,7.925595982800699,0.0,0.0577350269189636,1,1,0.074404017199301,0.0,0.0,1
1590,12.2,76.0,12.231998923527302,80.4,0.6,0.6,12.2,12.231998923527302,0.0,0.0447213595499878,1,0,0.0319989235273023,0.0,0.1000000000000005,1
1595,8.0,92.0,7.830964493429047,100.0,0.0,-0.1021815497300837,8.0,7.830964493429047,0.1788854381999712,0.1140175425099586,1,0,0.1690355065709532,0.0,0.0999999999999996,1
1600,13.4,73.0,13.117870585939311,79.0,0.6,0.6,13.4,13.117870585939311,0.0,0.0547722557505306,1,0,0.2821294140606873,0.0,0.1000000000000005,1
1605,9.2,78.0,9.306007368806249,81.0,0.2,0.2,9.2,9.306007368806249,0.0,0.0707106781186561,1,0,0.1060073688062495,0.0,0.1000000000000014,1
1610,9.8,77.0,10.003882342335272,80.8,0.6,0.6,9.8,10.003882342335272,0.0,0.054772255750511,1,1,0.2038823423352713,0.0,0.0,1
1615,11.2,89.0,11.155202418344285,94.9,0.2,0.2,11.2,11.155202418344285,0.0,0.0707106781187523,1,0,0.0447975816557146,0.0,0.1000000000000005,1
1620,12.2,94.0,12.377025969523643,100.0,0.6,0.6,12.2,12.377025969523643,0.2167948338868082,0.1414213562372665,1,0,0.1770259695236458,0.0,0.1000000000000014,1
1625,9.6,76.0,9.43315872352056,80.0,0.2,0.2,9.6,9.43315872352056,0.0,0.0447213595499922,1,1,0.16684127647944,0.0,0.0,1
1630,8.4,93.0,8.370225246128905,100.0,0.4,0.4,8.4,8.370225246128905,0.3000000000000078,0.240831891575851,1,0,0.029774753871095,0.0,0.0999999999999996,1
1635,8.8,79.0,8.90015178897131,81.3,0.2,0.2,8.8,8.90015178897131,0.1949358868961792,0.0547722557505191,0,1,0.1001517889713099,0.0999999999999996,0.0,1
1640,9.0,74.0,8.822000339500736,78.9,0.2,0.2,9.0,8.822000339500736,0.0,0.0447213595500054,1,1,0.1779996604992639,0.0,0.0,1
1645,8.8,73.0,8.803010043015869,79.0,0.4,0.4,8.8,8.803010043015869,0.0,0.0547722557505306,1,0,0.0030100430158679,0.0,0.1000000000000005,1
1650,9.4,90.0,9.358041673275869,96.6,0.2,0.2,9.4,9.358041673275869,0.0,0.0547722557506381,1,1,0.0419583267241314,0.0,0.0,1
1655,10.0,76.0,10.049406223313724,80.0,0.4,0.4,10.0,10.049406223313724,0.0,0.0547722557505127,1,1,0.0494062233137242,0.0,0.0,1
1660,13.4,92.0,13.32759083376198,100.0,0.6,0.6,13.4,13.32759083376198,0.0,0.100000000000054,1,1,0.0724091662380193,0.0,0.0,1
1665,8.4,80.0,8.594650671480712,81.6,0.2,0.2,8.4,8.594650671480712,0.0,0.0836660026534067,1,0,0.1946506714807121,0.0,0.0999999999999996,1
1670,9.2,92.0,9.44606399083236,100.0,0.4,0.4,9.2,9.44606399083236,0.0,0.100000000000054,1,1,0.2460639908323596,0.0,0.0,1
1675,9.2,90.0,8.959898855009063,96.6,0.6,0.6,9.2,8.959898855009063,0.0,0.0547722557506381,1,1,0.2401011449909358,0.0,0.0,1
1680,13.4,75.0,13.226189113641896,79.1,0.6,0.6,13.4,13.226189113641896,0.0,0.0,1,1,0.1738108863581029,0.0,0.0,1
1685,8.4,75.0,8.298391587504916,79.6,0.2,0.2,8.4,8.298391587504916,0.0,0.0547722557505179,1,1,0.101608412495084,0.0,0.0,1
1690,8.6,94.0,8.560753790168945,100.0,0.2,0.2,8.6,8.560753790168945,0.2167948338868082,0.212132034355938,1,0,0.0392462098310542,0.0,0.1999999999999993,1
1695,11.2,75.0,10.972951554632395,79.6,0.2,0.2,11.2,10.972951554632395,0.089442719099989,0.0547722557505183,0,1,0.227048445367604,0.1999999999999993,0.0,1
1700,10.0,75.0,9.905530215262198,79.7,0.4,0.4,10.0,9.905530215262198,0.0,0.044721359549997,1,0,0.0944697847378019,0.0,0.0999999999999996,1
1705,10.8,76.0,10.536483948674796,80.5,0.2,0.2,10.8,10.536483948674796,0.2190890230020658,0.0547722557505075,1,1,0.2635160513252046,0.0,0.0,1
1710,12.2,76.0,12.23471453083791,80.7,0.6,0.6,12.2,12.23471453083791,0.0,0.054772255750508,1,1,0.0347145308379115,0.0,0.0,1
1715,8.0,94.0,8.364551379323776,100.0,0.0,-0.0603195158735889,8.0,8.364551379323776,0.3209361307176377,0.1095445115009761,0,0,0.3645513793237764,0.5,0.1999999999999993,1
1720,8.0,76.0,8.088853680097014,80.2,0.0,0.2609303284800463,8.0,8.088853680097014,0.0,0.0447213595499895,1,1,0.0888536800970136,0.0,0.0,1
1725,12.0,75.0,11.852120777324116,79.4,0.4,0.4,12.0,11.852120777324116,0.1341640786499849,0.0547722557505205,1,1,0.1478792226758845,0.0,0.0,1
1730,8.6,92.0,8.605926842623251,100.0,0.2,0.2,8.6,8.605926842623251,0.2190890230020623,0.1581138830084444,0,0,0.0059268426232517,0.4000000000000003,0.0999999999999996,1
1735,11.6,90.0,11.55187611830096,98.3,0.6,0.6,11.6,11.55187611830096,0.1788854381999608,0.0547722557506361,1,1,0.0481238816990394,0.0,0.0,1
1740,12.0,75.0,12.074129445655142,79.3,0.4,0.4,12.0,12.074129445655142,0.0,0.0547722557505209,1,1,0.0741294456551422,0.0,0.0,1
1745,15.2,94.0,15.029601255141245,100.0,0.4,0.4,15.2,15.029601255141245,0.3209361307176377,0.1095445115009761,0,0,0.1703987448587565,0.5,0.1999999999999993,1
1750,9.2,80.0,9.410251224522522,81.5,0.2,0.2,9.2,9.410251224522522,0.0,0.0836660026534067,1,1,0.2102512245225227,0.0,0.0,1
1755,15.2,81.0,15.359760904626643,86.1,0.4,0.4,15.2,15.359760904626643,0.2236067977499773,0.6058052492344387,0,0,0.1597609046266441,0.5,1.2999999999999998,1
1760,10.2,76.0,10.093443225375092,80.0,0.2,0.2,10.2,10.093443225375092,0.0,0.0547722557505159,1,1,0.1065567746249058,0.0,0.0,1
1765,8.8,73.0,8.684354434888844,78.3,0.4,0.4,8.8,8.684354434888844,0.0,0.0447213595500118,1,0,0.1156455651111567,0.0,0.1000000000000005,1
1770,8.6,89.0,8.3538034092553,93.9,0.6,0.6,8.6,8.3538034092553,0.0,0.0547722557506471,1,1,0.2461965907446988,0.0,0.0,1
1775,12.8,79.0,12.79846865943518,81.2,0.6,0.6,12.8,12.79846865943518,0.0,0.0547722557505161,1,1,0.0015313405648207,0.0,0.0,1
1780,15.8,94.0,15.73231559786696,100.0,0.6,0.6,15.8,15.73231559786696,0.2190890230020856,0.2387467277262505,1,0,0.0676844021330396,0.0,0.200000000000001,1
1785,8.6,76.0,8.679925877237714,80.7,0.6,0.6,8.6,8.679925877237714,0.0,0.054772255750508,1,1,0.0799258772377147,0.0,0.0,1
1790,12.4,74.0,12.378295916304143,78.6,0.4,0.4,12.4,12.378295916304143,0.0,0.0447213595500093,1,1,0.0217040836958553,0.0,0.0,1
1795,9.2,74.0,9.17807800527007,78.6,0.6,0.6,9.2,9.17807800527007,0.0,0.0547722557505271,1,1,0.0219219947299293,0.0,0.0,1
1800,8.2,94.0,8.749917361963949,100.0,0.2,0.2,8.2,8.749917361963949,0.2190890230020856,0.2387467277262505,1,0,0.5499173619639492,0.0,0.200000000000001,1
1805,8.8,76.0,9.134211405208951,79.8,0.2,0.2,8.8,9.134211405208951,0.0,0.0547722557505164,1,1,0.3342114052089506,0.0,0.0,1
1810,17.0,93.0,16.87921289405862,100.0,0.6,0.6,17.0,16.87921289405862,0.2880972058177687,0.2863564212655285,0,0,0.1207871059413783,0.4000000000000003,0.0999999999999996,1
1815,9.6,75.0,9.29849596007649,79.2,0.4,0.4,9.6,9.29849596007649,0.0,0.0,1,1,0.3015040399235094,0.0,0.0,1
1820,11.4,78.0,11.431535057753797,81.0,0.2,0.2,11.4,11.431535057753797,0.0,0.0707106781186561,1,0,0.0315350577537962,0.0,0.1000000000000014,1
1825,9.8,76.0,9.46500359171838,80.2,0.2,0.2,9.8,9.46500359171838,0.0,0.0447213595499895,1,1,0.3349964082816221,0.0,0.0,1
1830,9.4,73.0,9.347272418188949,78.2,0.2,0.2,9.4,9.347272418188949,0.0,0.0547722557505306,1,0,0.0527275818110517,0.0,0.1000000000000005,1
1835,8.0,74.0,8.097424566444461,78.5,0.0,-0.1255814702721339,8.0,8.097424566444461,0.0,0.0,1,1,0.0974245664444612,0.0,0.0,1
1840,10.4,75.0,10.736832709108862,79.2,0.4,0.4,10.4,10.736832709108862,0.0,0.0447213595500017,1,1,0.3368327091088616,0.0,0.0,1
1845,12.8,76.0,12.671658007381538,80.7,0.4,0.4,12.8,12.671658007381538,0.0,0.054772255750508,1,1,0.1283419926184628,0.0,0.0,1
1850,9.2,89.0,9.429334798807435,94.9,0.4,0.4,9.2,9.429334798807435,0.0,0.0707106781187523,1,0,0.2293347988074359,0.0,0.1000000000000005,1
1855,10.4,74.0,10.231897281657997,78.9,0.2,0.2,10.4,10.231897281657997,0.0,0.0,1,1,0.1681027183420056,0.0,0.0,1
1860,8.0,92.0,8.216166846817094,100.0,0.0,-0.1385978344191578,8.0,8.216166846817094,0.0,0.114017542509964,1,0,0.216166846817094,0.0,0.0999999999999996,1
1865,9.2,94.0,9.128521054530104,100.0,0.6,0.6,9.2,9.128521054530104,0.31937438845344,0.2387467277262459,0,0,0.0714789454698952,0.4000000000000003,0.0999999999999996,1
1870,12.0,74.0,12.15217153259216,78.7,0.4,0.4,12.0,12.15217153259216,0.0,0.0547722557505264,1,1,0.1521715325921597,0.0,0.0,1
1875,17.6,76.0,17.09617175846041,80.5,0.6,0.6,17.6,17.09617175846041,0.2190890230020658,0.0547722557505075,1,1,0.5038282415395905,0.0,0.0,1
1880,9.8,78.0,9.896644228703918,81.1,0.2,0.2,9.8,9.896644228703918,0.1732050807568871,0.0547722557505191,1,1,0.0966442287039175,0.0,0.0,1
1885,8.0,74.0,8.129977188445551,78.7,0.0,-0.0361794730684024,8.0,8.129977188445551,0.0,0.0447213595500069,1,0,0.1299771884455509,0.0,0.0999999999999996,1
1890,14.6,80.0,14.644521842363588,81.7,0.6,0.6,14.6,14.644521842363588,0.0,0.0547722557505161,1,1,0.0445218423635882,0.0,0.0,1
1895,8.8,74.0,8.693574089234502,78.7,0.2,0.2,8.8,8.693574089234502,0.0,0.0447213595500069,1,0,0.1064259107654983,0.0,0.0999999999999996,1
1900,9.2,75.0,9.032424819708844,79.4,0.6,0.6,9.2,9.032424819708844,0.2190890230020655,0.0447213595499986,0,1,0.1675751802911538,0.3000000000000007,0.0,1
1905,14.0,75.0,14.316007884882222,79.1,0.6,0.6,14.0,14.316007884882222,0.0,0.0,1,1,0.3160078848822216,0.0,0.0,1
1910,21.8,80.0,22.15343638609933,81.8,0.6,0.6,21.8,22.15343638609933,0.0,0.0707106781186552,1,0,0.3534363860993323,0.0,0.0999999999999996,1
1915,-21.30345087458932,93.0,7.628752044247037,100.0,-4.533463753772691,0.2550396235498947,9.499999999999998,9.16,1.8359939487825887,0.240831891575851,0,0,28.932202918836357,0.0,0.0999999999999996,2
1920,52.045964625031466,77.0,8.40412425438492,80.9,-1.3100807367731884,0.303211942599995,8.0,8.24,1.8760994904750148,0.054772255750516,0,0,43.64184037064655,0.0,0.0,2
1925,-27.81206490790757,75.0,6.447791885215027,79.6,2.514266320117332,-0.2143961659199934,7.6,7.56,2.569665424112327,0.0547722557505179,0,0,34.259856793122594,0.0,0.0,2
1930,58.7470953086754,80.0,9.446894678536305,81.5,-0.1231928884556943,0.1915515453152048,8.4,8.58,2.0197311457219382,0.0836660026534067,0,0,49.300200630139095,0.0,0.0,2
1935,56.4955749575344,78.0,7.104051581272628,81.2,3.12805630798332,-0.1764659667575492,8.180000000000001,8.4,2.1883391100730085,0.0707106781186568,0,0,49.39152337626177,0.0,0.0999999999999996,2
1940,52.796853414721575,75.0,9.639659019571283,79.7,2.8694565857964216,0.2264017069932756,7.6,7.58,2.4525972473101585,0.044721359549997,0,0,43.15719439515029,0.0,0.0999999999999996,2
1945,-24.43008508367524,75.0,7.420423929112843,79.6,2.37105595800376,0.0700078832293219,7.6,7.56,2.9447824191227854,0.0547722557505179,0,0,31.85050901278808,0.0,0.0,2
1950,-28.766437685299746,73.0,9.832106471254155,78.2,4.752454937491603,0.0431568378108802,7.1,7.159999999999999,1.8299192661510688,0.0547722557505306,0,0,38.5985441565539,0.0,0.1000000000000005,2
1955,-20.797785795253837,74.0,8.353298304177162,79.0,4.458722457231168,-0.4004241024432582,7.1,7.340000000000001,2.9056824164248427,0.0547722557505242,0,0,29.151084099431,0.0,0.0,2
1960,56.06724631520909,81.0,9.539831813529036,82.2,2.854783994840462,0.2397879557067164,8.4,8.8,2.676736805998246,0.0,0,0,46.527414501680056,0.0,0.0,2
1965,-17.224636976518802,79.0,6.588871639399367,81.4,-3.126729571966086,-0.1752679474398144,8.4,8.5,1.7400080221022365,0.0707106781186554,0,0,23.813508615918167,0.0,0.0999999999999996,2
1970,-21.98158445103695,79.0,7.809737933723159,81.4,-1.4041340090129948,0.0490111334420768,8.4,8.5,1.5404703833259428,0.0707106781186554,0,0,29.79132238476011,0.0,0.0999999999999996,2
1975,45.99198639367787,75.0,9.962933672103873,79.6,0.9451795337182078,-0.0985699218191409,7.56,7.539999999999999,1.781198609522946,0.0547722557505183,0,0,36.029052721574,0.1999999999999993,0.0,2
1980,46.73668237497762,94.0,8.672088884941152,100.0,-3.729199150457055,-0.0906714255887868,9.919999999999998,9.68,2.141508592990289,0.2863564212655207,0,0,38.06459349003647,0.3000000000000007,0.1999999999999993,2
1985,57.33841496633178,77.0,6.837592046794252,80.8,0.513969818834604,-0.2463829966210112,8.0,8.16,1.541216298330699,0.054772255750511,0,0,50.50082291953753,0.0,0.0,2
1990,52.579928092587295,76.0,9.165733191108684,80.4,3.6846710710494985,0.0604491409652385,7.6,7.88,2.5535213635310123,0.0447213595499878,0,0,43.41419490147861,0.0,0.1000000000000005,2
1995,47.93473359540738,76.0,9.59521455759334,80.5,0.2197315972615987,-0.0451810633149992,7.76,7.94,2.0852515391614617,0.0547722557505079,0,0,38.33951903781404,0.0,0.0,2
2000,51.34956489604335,73.0,9.20371264653734,78.2,-1.5602436579522063,0.0497036419812461,7.1,7.159999999999999,2.7236210307465587,0.0547722557505306,0,0,42.14585224950601,0.0,0.1000000000000005,2
2005,51.43113997222246,75.0,7.0426474186726375,79.2,4.288874454178405,-0.2021775206138956,7.1,7.4,2.375946955557672,0.0,0,0,44.388492553549824,0.0,0.0,2
2010,48.713861290481056,77.0,7.096326221401837,80.8,-2.654909931432561,0.0823345652381802,8.0,8.139999999999999,1.784559962355175,0.0547722557505106,0,0,41.61753506907922,0.0,0.0,2
2015,46.82915391728229,80.0,7.158624677813974,81.6,0.6852497680149741,-0.0193461560696747,8.4,8.62,1.7552186156461589,0.0836660026534067,0,0,39.67052923946832,0.0,0.0999999999999996,2
2020,56.60415726614694,93.0,6.503235306631504,100.0,4.257755860053731,-0.1497286965970368,9.8,10.1,1.7263689819686716,0.5099019513592685,0,0,50.10092195951544,0.0999999999999996,0.0,2
2025,51.18373617469028,75.0,6.278146314909129,79.6,2.1458504876004234,-0.0222966499125065,7.56,7.539999999999999,1.8103156126117688,0.0547722557505183,0,0,44.90558985978115,0.1999999999999993,0.0,2
2030,-18.467685938243964,75.0,6.517414920202822,79.4,4.428596727403127,-0.0319506325993209,7.459999999999999,7.52,1.7504731305345629,0.0447213595499986,0,0,24.985100858446785,0.3000000000000007,0.0,2
2035,48.68732650499245,94.0,7.559704025322709,100.0,-2.634488631574917,0.1059657817174759,9.919999999999998,9.68,2.1688146863640303,0.2863564212655207,0,0,41.12762247966974,0.3000000000000007,0.1999999999999993,2
2040,-23.058632411519778,80.0,8.987358864405147,81.8,1.809415257555824,-0.2792744988495114,8.4,8.7,2.1581573491043105,0.0707106781186552,0,0,32.045991275924926,0.0,0.0999999999999996,2
2045,-28.527955322717823,74.0,6.638733928266424,78.2,-3.69716574091832,-0.026688924468516,7.1,7.2,2.4123810212249897,0.0,0,0,35.16668925098425,0.0,0.0,2
2050,-19.570763832477034,79.0,6.427849454540436,81.4,2.7140192050041376,-0.0624692819419395,8.4,8.5,1.9486216019194844,0.0707106781186554,0,0,25.99861328701747,0.0,0.0999999999999996,2
2055,56.37603509079567,73.0,8.651833549978974,78.3,2.752251353701056,-0.1101542618336489,7.1,7.18,2.3701135404701974,0.0447213595500118,0,0,47.72420154081669,0.0,0.1000000000000005,2
2060,58.14551508733814,77.0,8.010144268272514,80.9,-4.231969005484121,-0.1746950955085903,8.0,8.24,1.5387167427647497,0.054772255750516,0,0,50.13537081906563,0.0,0.0,2
2065,48.31123445689491,94.0,7.280392929277963,100.0,-2.68694720929204,0.3099846622797443,10.420000000000002,10.4,2.5153555505509795,0.1414213562372665,0,0,41.03084152761694,0.0,0.1000000000000014,2
2070,-22.495449893320803,77.0,9.615902486485163,80.8,-4.802938883976559,-0.1335225268851988,8.0,8.139999999999999,2.077929996984036,0.0547722557505106,0,0,32.111352379805965,0.0,0.0,2
2075,-27.77697298179985,75.0,8.128803879077937,79.4,2.509202637059415,-0.1426557055932374,7.26,7.479999999999999,2.392290483539454,0.0447213595500001,0,0,35.905776860877786,0.0,0.0999999999999996,2
2080,-17.705567400665608,73.0,6.137315992827055,79.0,-3.993054464907368,0.0130858826656421,7.1,7.159999999999999,2.761107484497439,0.0547722557505306,0,0,23.842883393492663,0.0,0.1000000000000005,2
2085,-25.794533511054496,94.0,7.742181012907727,100.0,-2.4216608459912226,-0.4253251192048872,10.34,10.42,1.968664898539624,0.1095445115009761,0,0,33.536714523962225,0.5,0.1999999999999993,2
2090,47.266241459487695,76.0,8.050321073004678,80.0,3.9013205533827424,-0.7853554251872206,7.6,7.720000000000001,2.3757184550234616,0.0447213595499922,0,0,39.21592038648302,0.0,0.0,2
2095,56.54577947136126,74.0,6.836322772007391,78.7,-0.9218395874742632,0.1226259482291599,7.1,7.279999999999999,1.7038622417784148,0.0447213595500069,0,0,49.709456699353865,0.0,0.0999999999999996,2
2100,54.83435054676266,93.0,7.933004956141433,100.0,2.8762152622800388,0.0235052989924694,9.499999999999998,9.16,1.9874680268097225,0.240831891575851,0,0,46.90134559062123,0.0,0.0999999999999996,2
2105,-25.5596003006025,74.0,7.690446168828656,78.9,-4.395716594186978,0.057352024367355,7.1,7.32,2.2151422457851324,0.0447213595500054,0,0,33.250046469431155,0.0,0.0,2
2110,-24.85542562540997,76.0,8.68156809849804,80.5,3.3877239764892533,0.2950815389973567,7.76,7.94,1.594281917436875,0.0547722557505079,0,0,33.53699372390801,0.0,0.0,2
2115,46.68209442656509,92.0,9.405840051122007,100.0,-1.6621461726184483,0.0101448039151799,8.559999999999999,8.34,2.3989404238413625,0.1140175425099555,0,0,37.27625437544309,0.0,0.1000000000000014,2
2120,48.58484872724075,75.0,8.65859695825025,79.4,-0.1169800958926101,-0.0812578917675789,7.359999999999999,7.5,1.856282684743084,0.0,0,0,39.9262517689905,0.0,0.0,2
2125,48.81229019759998,80.0,6.579801988868995,82.0,2.352121085870761,-0.2232107861027839,8.4,8.75,1.613331718616144,0.0577350269189636,0,0,42.232488208730985,0.0,0.0,2
2130,57.06951046090971,75.0,8.638767317864149,79.6,4.83783408416757,0.1283615399136391,7.6,7.56,2.430995000311197,0.0547722557505179,0,0,48.43074314304556,0.0,0.0,2
2135,-28.889165970298823,74.0,9.85954999438204,79.1,-4.136842366243416,0.0310622071246044,7.1,7.380000000000001,2.277668265192494,0.0447213595500037,0,0,38.74871596468087,0.0,0.1000000000000005,2
2140,-25.1831180130932,76.0,8.717973548300552,80.5,-3.427493938349635,0.1414327316542448,7.840000000000001,7.959999999999999,2.4566183852886456,0.0547722557505075,0,0,33.90109156139376,0.0,0.0,2
2145,-16.989155119542446,80.0,7.948062995412824,81.7,-4.726055644991992,-0.3146154038886919,8.4,8.66,2.691567327888957,0.0547722557505161,0,0,24.93721811495527,0.0,0.0,2
2150,-15.717215740055032,74.0,8.882941814698269,78.5,-1.5504488553441584,-0.3176406563791625,7.1,7.2,1.729769422017168,0.0,0,0,24.600157554753302,0.0,0.0,2
2155,-25.65346540072794,94.0,7.511578209911727,100.0,-4.461370680844854,0.0251578024233484,9.919999999999998,9.68,2.126805327375263,0.2863564212655207,0,0,33.165043610639664,0.3000000000000007,0.1999999999999993,2
2160,59.816332176756205,91.0,8.023260861350337,99.9,-2.9665740274363284,-0.2693046444750641,8.16,8.0,2.096331732353778,0.0707106781187444,0,0,51.79307131540587,0.0,0.0999999999999996,2
2165,-17.759553928091357,79.0,7.466825544472938,81.4,-2.196554334917087,0.4626910998113136,8.34,8.459999999999999,2.3903012500615337,0.0547722557505187,0,0,25.226379472564297,0.3000000000000007,0.0,2
2170,46.24350346884737,92.0,8.216618898216339,100.0,1.9131475518584315,-0.1247080573024285,8.760000000000002,8.5,2.947548061596991,0.1581138830084444,0,0,38.02688457063103,0.4000000000000003,0.0999999999999996,2
2175,59.4189371121734,75.0,8.417403749964507,79.4,4.196247793104673,-0.1471333104376041,7.26,7.479999999999999,2.6278228954560374,0.0447213595500001,0,0,51.001533362208896,0.0,0.0999999999999996,2
2180,-17.949648617558417,80.0,9.571621486050224,82.0,-2.657213907610332,0.1112373232537546,8.4,8.75,1.892545803966336,0.0577350269189636,0,0,27.52127010360864,0.0,0.0,2
2185,-28.712351364719503,76.0,7.128849590997268,80.5,4.481599628905951,-0.2026906244849562,8.0,8.02,2.4994533059701265,0.0447213595499845,0,0,35.84120095571677,0.0,0.0,2
2190,-20.104923956362875,78.0,6.562117684028667,81.0,-3.888016018423056,0.0504216603101464,8.0,8.26,2.9658425961589128,0.0547722557505173,0,0,26.667041640391545,0.0,0.0,2
2195,49.74219541589005,77.0,6.418393455430328,80.7,-0.1644134741501037,0.1205351052353749,8.0,8.1,2.631279574651673,0.0707106781186492,0,0,43.323801960459726,0.0,0.0999999999999996,2
2200,-29.74461542569935,94.0,9.3537889002382,100.0,-4.025332260050533,-0.1744059412976992,9.919999999999998,9.68,2.216556487082696,0.2863564212655207,0,0,39.09840432593755,0.3000000000000007,0.1999999999999993,2
2205,-29.565131196993605,92.0,9.307416627422338,100.0,-0.6897474840556033,-0.0324114244999786,8.4,8.2,2.1566586723787267,0.100000000000054,0,0,38.872547824415946,0.0,0.0,2
2210,-16.337333921579933,73.0,8.964840535734856,78.3,1.5031427754286213,0.28299935851876,7.1,7.18,1.5764715009141337,0.0447213595500118,0,0,25.30217445731479,0.0,0.1000000000000005,2
2215,56.14809475400798,76.0,8.396808323898346,79.8,0.2760470675416666,0.2181731858434077,7.6,7.619999999999999,2.5542049548193395,0.0447213595499959,0,0,47.75128643010963,0.0,0.0,2
2220,-22.80409683259905,94.0,8.432078016657924,100.0,2.217315595272461,0.097210019470438,10.420000000000002,10.4,2.7944191185887126,0.1414213562372665,0,0,31.236174849256976,0.0,0.1000000000000014,2
2225,-23.968360890467565,78.0,9.441897017256151,81.0,-1.6466382104482982,0.1171708975918949,8.02,8.34,2.685846462779277,0.0547722557505187,0,0,33.41025790772372,0.0,0.0,2
2230,-29.543493635444257,80.0,8.51326838453054,81.6,4.1466038243183245,0.0566432962648599,8.4,8.62,2.4467027518668565,0.0836660026534067,0,0,38.0567620199748,0.0,0.0999999999999996,2
2235,-25.205528032497668,90.0,7.617400057926475,98.3,-0.4287601451162341,0.1123924356663559,8.08,7.960000000000001,2.713973927057551,0.0547722557506361,0,0,32.82292809042414,0.0,0.0,2
2240,55.83444846701849,73.0,7.27293092789699,79.0,4.432310050527876,0.0295735794441701,7.1,7.159999999999999,1.9039793390257265,0.0547722557505306,0,0,48.561517539121496,0.0,0.1000000000000005,2
2245,47.1754907765666,93.0,7.599434050314526,100.0,2.9589661080785703,-0.0637998720155894,9.64,9.32,2.566179026364658,0.2863564212655285,0,0,39.57605672625207,0.4000000000000003,0.0999999999999996,2
2250,52.86087573194956,75.0,9.185023727684989,79.2,0.463462584652186,-0.145443285286751,7.1,7.4,2.2323805817232736,0.0,0,0,43.67585200426457,0.0,0.0,2
2255,-27.248516397468265,74.0,7.573712732926328,78.6,-0.1729510082639498,-0.014454114046789,7.1,7.24,2.088822383216267,0.0547722557505271,0,0,34.82222913039459,0.0,0.0,2
2260,47.42524706854044,74.0,8.238133544308159,78.9,2.983802464336802,-0.0884570325384638,7.1,7.32,1.956138436714017,0.0447213595500054,0,0,39.18711352423229,0.0,0.0,2
2265,11.17215240827544,74.0,7.595712739184396,79.0,1.145372552450028,0.1349984254976126,7.1,7.359999999999999,0.0,0.0547722557505237,0,0,3.5764396690910427,0.0,0.0,2
2270,13.288448608868023,78.0,7.172741152803348,81.0,-0.4304194780876158,-0.1250921821375684,8.0,8.26,0.0,0.0547722557505173,0,0,6.115707456064677,0.0,0.0,2
2275,11.860871883028356,74.0,8.33361867929368,78.2,-1.1013976498219713,0.2225901442280194,7.1,7.2,0.0,0.0,0,0,3.5272532037346758,0.0,0.0,2
2280,13.37164372084741,78.0,7.868673707572315,81.0,-0.1242233972773854,-0.0919506862122146,8.0,8.3,0.0,0.0707106781186561,0,0,5.502970013275096,0.0,0.1000000000000014,2
2285,13.17903804182939,73.0,7.681899619713796,78.2,-0.7883458430212413,0.1287032376627891,7.1,7.159999999999999,0.0,0.0547722557505306,0,0,5.497138422115594,0.0,0.1000000000000005,2
2290,14.79197545035264,81.0,8.095697721339606,82.4,0.9670689308360894,-0.0916716438861481,8.4,8.8,0.0,0.0,0,0,6.696277729013033,0.0,0.0,2
2295,11.586677541739691,91.0,7.197621264963627,99.9,-1.4354807795475288,-0.2047292457627949,8.16,8.0,0.2190890230020498,0.0707106781187444,0,0,4.389056276776066,0.0,0.0999999999999996,2
2300,11.361526204858752,74.0,8.03540403845544,78.2,-0.9748961004142868,0.0824290922029841,7.1,7.2,0.0,0.0,0,0,3.3261221664033123,0.0,0.0,2
2305,11.43500060627155,89.0,7.899590208596152,94.9,-0.4975771454569475,0.159051581572006,8.0,7.9,0.0,0.0707106781187523,0,0,3.535410397675399,0.0,0.1000000000000005,2
2310,14.197082800250646,74.0,7.834928695117769,78.6,-1.5164103264056563,-0.2638860303513431,7.1,7.24,0.0,0.0547722557505271,0,0,6.362154105132877,0.0,0.0,2
2315,13.234906198103335,76.0,7.980610577839498,80.0,0.9932679218436437,-0.2568543686703022,7.6,7.76,0.0,0.0547722557505127,0,0,5.254295620263838,0.0,0.0,2
2320,12.1026148115643,77.0,7.042911543692368,80.9,1.4836942698983742,0.1411463206682377,8.0,8.2,0.0,0.0707106781186522,0,0,5.059703267871933,0.0,0.0999999999999996,2
2325,11.693073356638788,75.0,7.814141798132159,79.1,1.5249300092778086,-0.2881933963324142,7.1,7.4,0.0,0.0,0,0,3.878931558506629,0.0,0.0,2
2330,12.170301256446582,80.0,7.382415792120925,82.1,0.52012979387999,0.0858724835656734,8.4,8.766666666666667,0.0,0.0577350269189636,0,0,4.787885464325656,0.0,0.1000000000000014,2
2335,11.620579515386426,76.0,7.550744516238277,80.2,1.898978482237528,-0.0702379875757129,7.6,7.82,0.0,0.0447213595499895,0,0,4.069834999148149,0.0,0.0,2
2340,14.571322517204678,94.0,8.177321287142004,100.0,-0.4807373901761731,0.0453097002484697,10.14,10.02,0.2190890230020856,0.2387467277262505,0,0,6.394001230062674,0.0,0.200000000000001,2
2345,12.039475124204367,75.0,7.471923112582025,79.4,-1.6421413923568355,0.1494447591885565,7.359999999999999,7.5,0.2509980079602218,0.0,0,0,4.567552011622344,0.0,0.0,2
2350,12.252599874049364,75.0,7.411790325196184,79.6,1.165604572904963,0.1410143492391752,7.56,7.539999999999999,0.089442719099989,0.0547722557505183,0,0,4.840809548853178,0.1999999999999993,0.0,2
2355,12.801415082226285,74.0,8.264003176482033,78.7,-0.8133062543159455,0.2546594273110309,7.1,7.279999999999999,0.0,0.0447213595500069,0,0,4.53741190574425,0.0,0.0999999999999996,2
2360,13.705393262215892,89.0,7.077464752727809,93.9,0.7040163017983607,0.2590349464880893,8.0,7.860000000000001,0.0,0.0547722557506471,0,0,6.627928509488084,0.0,0.0,2
2365,14.523186096444867,77.0,7.815303863896237,80.9,-0.1390478711843363,0.0606928929941858,8.0,8.2,0.0,0.0707106781186522,0,0,6.707882232548632,0.0,0.0999999999999996,2
2370,12.438969666636757,74.0,7.990056176005093,78.5,0.0627434546679657,-0.1592167535345573,7.1,7.3,0.0,0.0,0,0,4.448913490631662,0.0,0.0,2
2375,14.380566124547368,77.0,7.4155391568286175,80.7,-1.89466585951884,-0.0115950486964655,8.0,8.1,0.0,0.0707106781186492,0,0,6.96502696771875,0.0,0.0999999999999996,2
2380,14.658087520229463,74.0,7.589483862122223,78.9,-1.8639901306900384,0.2234567119600286,7.1,7.32,0.0,0.0447213595500054,0,0,7.06860365810724,0.0,0.0,2
2385,11.704007445470335,94.0,7.478508021391542,100.0,-0.5716481039595056,-0.1270041477817363,10.420000000000002,10.4,0.2167948338868082,0.1414213562372665,0,0,4.225499424078795,0.0,0.1000000000000014,2
2390,13.958833213667626,76.0,7.298489016675378,80.0,0.8512575075116602,0.1606149690501897,7.6,7.76,0.0,0.0547722557505127,0,0,6.660344196992248,0.0,0.0,2
2395,11.771782770802682,76.0,7.886377807365978,80.0,-1.2782357916467375,-0.1847195023792913,7.6,7.659999999999999,0.0,0.0547722557505159,0,0,3.885404963436704,0.0,0.0,2
2400,12.491752863145203,93.0,7.607580352322625,100.0,0.1116927630709621,0.1670961060116606,9.499999999999998,9.16,0.3000000000000078,0.240831891575851,0,0,4.88417251082258,0.0,0.0999999999999996,2
2405,11.325776848738643,93.0,8.173419939312728,100.0,1.805521013118296,0.1765729681923614,9.499999999999998,9.16,0.3000000000000078,0.240831891575851,0,0,3.152356909425917,0.0,0.0999999999999996,2
2410,11.311399923192443,75.0,7.550908414043363,79.6,0.1698978829911479,0.0001327962586507,7.56,7.539999999999999,0.089442719099989,0.0547722557505183,0,0,3.76049150914908,0.1999999999999993,0.0,2
2415,12.198508747418575,76.0,7.064349910730248,79.8,-0.5495434754000099,0.170952150086867,7.6,7.639999999999999,0.0,0.0547722557505164,0,0,5.1341588366883295,0.0,0.0,2
2420,13.019673662247015,76.0,7.7043638625524835,80.7,-1.344387702064945,-0.0159757246460046,8.0,8.059999999999999,0.0,0.054772255750508,0,0,5.315309799694532,0.0,0.0,2
2425,11.095957261743376,74.0,7.527582552463639,78.5,0.8385610063665179,0.1131892561774565,7.1,7.2,0.0,0.0,0,0,3.5683747092797367,0.0,0.0,2
2430,14.260820288226824,73.0,7.874383806583584,78.4,-1.4779080883564122,0.0514996474973019,7.1,7.2,0.0,0.0,0,0,6.386436481643241,0.0,0.0,2
2435,12.38737758431652,75.0,7.009409101538061,79.4,-0.0148549301119582,0.2127824748670271,7.359999999999999,7.5,0.2509980079602218,0.0,0,0,5.37796848277846,0.0,0.0,2
2440,11.311376146713382,92.0,7.314057614624408,100.0,-1.9058724083090328,0.0815455228075711,8.4,8.139999999999999,0.0,0.114017542509964,0,0,3.9973185320889737,0.0,0.0999999999999996,2
2445,12.17735714298027,74.0,7.9306602999767986,78.9,0.6915897095384187,-0.2427141177064415,7.1,7.32,0.0,0.0447213595500054,0,0,4.246696843003472,0.0,0.0,2
2450,12.684315280807692,81.0,7.836949454431106,82.2,1.3608704997018584,0.0173534841703699,8.4,8.8,0.0,0.0,0,0,4.847365826376588,0.0,0.0,2
2455,14.26797835584155,75.0,7.539634855628805,79.6,1.4808618513231462,-0.1558762278454421,7.6,7.56,0.0,0.0547722557505179,0,0,6.728343500212744,0.0,0.0,2
2460,11.17400856230197,92.0,7.858168148980921,100.0,0.0493527892254483,-0.2005770030753403,8.4,8.2,0.0,0.100000000000054,0,0,3.315840413321048,0.0,0.0,2
2465,12.158407770932138,74.0,7.416159492164127,78.6,-0.50521526022027,0.2584032274053255,7.1,7.24,0.0,0.0547722557505271,0,0,4.742248278768011,0.0,0.0,2
2470,12.130219239147214,74.0,7.167618478385052,78.5,-0.1894448127391017,0.2936362077378595,7.1,7.3,0.0,0.0,0,0,4.962600760762163,0.0,0.0,2
2475,12.205312831868088,76.0,8.057049501406958,80.0,0.9565952992206076,0.1900396040914117,7.6,7.68,0.0,0.0447213595499942,0,0,4.1482633304611305,0.0,0.1000000000000005,2
2480,12.299529700852863,74.0,8.441024955783249,78.2,1.7031770636077872,0.1106332663961393,7.1,7.2,0.0,0.0,0,0,3.8585047450696166,0.0,0.0,2
2485,14.645292084830135,80.0,8.11314220416959,82.1,-0.0627622834618417,0.0294726679166071,8.4,8.766666666666667,0.0,0.0577350269189636,0,0,6.532149880660546,0.0,0.1000000000000014,2
2490,11.798480090957575,76.0,7.024102385013888,80.5,0.6973523024317889,0.0684461682940679,7.840000000000001,7.959999999999999,0.2190890230020658,0.0547722557505075,0,0,4.774377705943688,0.0,0.0,2
2495,14.152016712608477,75.0,8.46648140285811,79.4,1.292888581413877,0.2089265524040336,7.26,7.479999999999999,0.2302172886644256,0.0447213595500001,0,0,5.685535309750367,0.0,0.0999999999999996,2
2500,11.427668945273036,76.0,7.501563709857948,80.0,1.018662515686546,-0.1762613279725261,7.6,7.74,0.0,0.0547722557505131,0,0,3.926105235415089,0.0,0.0,2
2505,12.749170364107057,77.0,7.303366205909026,80.9,-1.7178985848840251,0.1078996233083729,8.0,8.24,0.0,0.054772255750516,0,0,5.445804158198029,0.0,0.0,2
2510,12.137246413704968,76.0,8.349339623571867,79.8,1.2388843175988842,0.2537322983191927,7.6,7.639999999999999,0.0,0.0547722557505164,0,0,3.7879067901331016,0.0,0.0,2
2515,12.37190184371626,80.0,7.7758637372157855,81.8,0.9461409602747466,-0.2018608501553226,8.4,8.74,0.0,0.0547722557505176,0,0,4.596038106500475,0.0,0.0,2
2520,13.35120575426096,81.0,8.054234454863932,86.1,0.5743531386845495,0.0900280260093294,7.2,7.419999999999999,0.2236067977499773,0.6058052492344387,0,0,5.296971299397027,0.5,1.2999999999999998,2
2525,14.372799500739594,76.0,8.495874028408256,80.6,-1.588585098281468,0.0375238928015213,8.0,8.040000000000001,0.0,0.0547722557505077,0,0,5.876925472331338,0.0,0.0,2
2530,12.351942907048963,91.0,8.150200637951647,100.0,-1.5807294105827934,0.0516760051129527,8.32,8.08,0.1788854381999668,0.0836660026534792,0,0,4.201742269097318,0.4000000000000003,0.0,2
2535,14.542978356036707,76.0,7.791882405979456,79.8,-1.037266954893075,0.0824708306584111,7.6,7.639999999999999,0.0,0.0547722557505164,0,0,6.751095950057252,0.0,0.0,2
2540,13.282507788202636,76.0,7.177012838420741,80.2,-1.3830872318195984,-0.0463168029557716,7.6,7.82,0.0,0.0447213595499895,0,0,6.105494949781895,0.0,0.0,2
2545,14.08699688118851,74.0,7.856147061086288,78.9,-1.8353215469108028,0.1123051689467016,7.1,7.3,0.0,0.0,0,0,6.230849820102222,0.0,0.0,2
2550,11.00627856340146,76.0,7.410061916242402,80.6,-0.4606712542922215,0.1183052030043402,8.0,8.040000000000001,0.0,0.0547722557505077,0,0,3.596216647159057,0.0,0.0,2
2555,14.923819713454888,76.0,7.835917745824834,79.8,1.998896527681036,0.2280092904725449,7.6,7.619999999999999,0.0,0.0447213595499959,0,0,7.087901967630054,0.0,0.0,2
2560,12.733502481758356,74.0,8.38275581062853,79.0,1.3117807083447803,0.032622469230654,7.1,7.359999999999999,0.0,0.0547722557505237,0,0,4.350746671129826,0.0,0.0,2
2565,13.832433796344944,76.0,7.240354446565113,80.0,0.037885265763867,0.132182328864211,7.6,7.68,0.0,0.0447213595499942,0,0,6.592079349779831,0.0,0.1000000000000005,2
2570,13.389899154335874,75.0,8.473168147475326,79.4,-1.786726841417463,-0.2119054499241719,7.159999999999999,7.459999999999999,0.1341640786499849,0.0547722557505205,0,0,4.916731006860548,0.0,0.0,2
2575,14.253718052010427,93.0,7.082491591146135,100.0,1.0833643325903377,0.073223790441805,9.32,9.0,0.2683281572999802,0.223606797749988,0,0,7.171226460864292,0.1999999999999993,0.200000000000001,2
2580,11.26501986330577,93.0,8.45374880031612,100.0,-1.51136169104339,-0.066493376251549,9.64,9.32,0.2880972058177687,0.2863564212655285,0,0,2.8112710629896505,0.4000000000000003,0.0999999999999996,2
2585,13.128944007046858,75.0,7.946353601016781,79.1,-1.2314477883242678,-0.0254484950577479,7.1,7.4,0.0,0.0,0,0,5.1825904060300765,0.0,0.0,2
2590,11.626177433372908,76.0,8.485180207053759,80.0,1.3280540919505546,0.0258251122681042,7.6,7.68,0.0,0.0447213595499942,0,0,3.140997226319149,0.0,0.1000000000000005,2
2595,14.722245759032855,77.0,7.868407380340039,80.8,1.542435770408349,-0.2674520335987201,8.0,8.16,0.0,0.054772255750511,0,0,6.853838378692816,0.0,0.0,2
2600,13.673180496599796,75.0,8.085250134896306,79.4,-1.073111322733875,-0.2801614498132641,7.359999999999999,7.5,0.2509980079602218,0.0,0,0,5.587930361703489,0.0,0.0,2
2605,13.602899845378207,77.0,7.07502852811147,80.8,-0.3950566802780191,0.2883561137138851,8.0,8.16,0.0,0.054772255750511,0,0,6.5278713172667375,0.0,0.0,2
2610,11.403838200673,80.0,8.020129205885643,81.8,-0.3502281301512591,-0.0241573906575994,8.4,8.74,0.0,0.0547722557505176,0,0,3.383708994787355,0.0,0.0,2
2615,7.1,76.0,7.070449147790849,80.7,0.0,0.0015836510270956,8.0,8.1,0.0,0.0707106781186492,1000,0,0.0295508522091507,0.0,0.0999999999999996,2
2620,7.1,76.0,7.514692974916002,81.0,0.0,0.0191065977848155,8.0,8.3,0.0,0.0707106781186561,1000,0,0.4146929749160026,0.0,0.1000000000000014,2
2625,7.1,76.0,7.646112703751445,80.8,0.0,0.0225440967518067,8.0,8.16,0.0,0.054772255750511,1000,0,0.5461127037514455,0.0,0.0,2
2630,7.1,76.0,7.555263217747656,78.7,0.0,-0.0511396850784159,7.1,7.26,0.0,0.0547722557505264,1000,0,0.4552632177476567,0.0,0.0,2
2635,7.1,76.0,7.449112687414517,79.4,0.0,-0.0874033249379431,7.26,7.479999999999999,0.0,0.0447213595500001,1000,0,0.3491126874145172,0.0,0.0999999999999996,2
2640,7.1,76.0,8.383913742215842,80.3,0.0,-0.0233242181415156,7.6,7.840000000000001,0.0,0.0547722557505111,1000,0,1.2839137422158426,0.0,0.0,2
2645,7.1,76.0,7.259913662331392,80.5,0.0,0.0103442218852456,7.840000000000001,7.959999999999999,0.0,0.0547722557505075,1000,0,0.1599136623313928,0.0,0.0,2
2650,7.1,76.0,7.263912999165427,79.2,0.0,0.0253706110536663,7.1,7.42,0.0,0.0447213595500017,1000,0,0.1639129991654275,0.0,0.0,2
2655,7.1,76.0,7.85368788909187,79.1,0.0,-0.0530502467682601,7.1,7.4,0.0,0.0,1000,0,0.7536878890918706,0.0,0.0,2
2660,7.1,76.0,7.474958867811522,78.6,0.0,-0.0169932722219106,7.1,7.220000000000001,0.0,0.0447213595500093,1000,0,0.3749588678115225,0.0,0.0,2
2665,7.1,76.0,8.735726520377817,81.0,0.0,0.0226357792830295,8.02,8.34,0.0,0.0547722557505187,1000,0,1.6357265203778173,0.0,0.0,2
2670,7.1,76.0,8.112065958798441,79.0,0.0,0.0089116549533977,7.1,7.340000000000001,0.0,0.0547722557505242,1000,0,1.0120659587984413,0.0,0.0,2
2675,7.1,76.0,7.995322366476812,78.5,0.0,-0.0550039130121306,7.1,7.2,0.0,0.0,1000,0,0.8953223664768126,0.0,0.0,2
2680,7.1,76.0,8.67450061526743,78.7,0.0,0.0418832354973317,7.1,7.26,0.0,0.0547722557505264,1000,0,1.5745006152674303,0.0,0.0,2
2685,7.1,76.0,8.380210456725175,100.0,0.0,-0.0576464320375752,10.420000000000002,10.4,0.0,0.1414213562372665,1000,0,1.2802104567251753,0.0,0.1000000000000014,2
2690,7.1,76.0,8.326641315165796,100.0,0.0,-0.0355358468527557,10.34,10.42,0.0,0.1095445115009761,1000,0,1.2266413151657964,0.0,0.1999999999999993,2
2695,7.1,76.0,7.330707390145193,100.0,0.0,0.0779081230792325,8.760000000000002,8.5,0.0,0.1581138830084444,1000,0,0.2307073901451932,0.0,0.0999999999999996,2
2700,7.1,76.0,8.344706297784267,79.7,0.0,0.0374474211182289,7.6,7.6,0.0,0.0,1000,0,1.2447062977842671,0.0,0.0,2
2705,7.1,76.0,7.88326997086841,100.0,0.0,-0.0125142472835665,8.48,8.26,0.0,0.1140175425099586,1000,0,0.7832699708684103,0.0,0.0999999999999996,2
2710,7.1,76.0,8.536284949187472,80.0,0.0,-0.1001346253063058,7.6,7.76,0.0,0.0547722557505127,1000,0,1.4362849491874723,0.0,0.0,2
2715,7.1,76.0,7.698980385210634,80.0,0.0,-0.0069363424267812,7.6,7.76,0.0,0.0547722557505127,1000,0,0.5989803852106341,0.0,0.0,2
2720,7.1,76.0,8.416184656466651,100.0,0.0,-0.0027242411861353,9.32,9.0,0.0,0.223606797749988,1000,0,1.3161846564666515,0.0,0.200000000000001,2
2725,7.1,76.0,8.722188465820723,100.0,0.0,0.0222017404304416,10.420000000000002,10.4,0.0,0.1414213562372665,1000,0,1.6221884658207235,0.0,0.1000000000000014,2
2730,7.1,76.0,8.569297693208291,81.1,0.0,0.0234717567007539,8.1,8.360000000000001,0.0,0.0547722557505191,1000,0,1.4692976932082915,0.0,0.0,2
2735,7.1,76.0,8.708715490095203,100.0,0.0,-0.0528910661852756,9.78,9.5,0.0,0.3162277660168361,1000,0,1.6087154900952036,0.0,0.200000000000001,2
2740,7.1,76.0,7.990174858367704,80.8,0.0,-0.0662084467007511,8.0,8.139999999999999,0.0,0.0547722557505106,1000,0,0.890174858367704,0.0,0.0,2
2745,7.1,76.0,8.228983341289927,93.9,0.0,-0.011530066529279,8.0,7.860000000000001,0.0,0.0547722557506471,1000,0,1.1289833412899275,0.0,0.0,2
2750,7.1,76.0,8.260029477533989,79.4,0.0,0.0013231904539653,7.26,7.479999999999999,0.0,0.0447213595500001,1000,0,1.160029477533989,0.0,0.0999999999999996,2
2755,7.1,76.0,8.603591592191833,79.4,0.0,0.0309379455818051,7.459999999999999,7.52,0.0,0.0447213595499986,1000,0,1.5035915921918337,0.0,0.0,2
2760,7.1,76.0,8.766764383300945,82.2,0.0,0.017020783601359,8.4,8.8,0.0,0.0,1000,0,1.6667643833009451,0.0,0.0,2
2765,7.1,76.0,7.115117687384403,80.5,0.0,0.0607746601867549,7.76,7.94,0.0,0.0547722557505079,1000,0,0.0151176873844036,0.0,0.0,2
2770,7.1,76.0,8.212520106605997,80.8,0.0,0.0558800923438548,8.0,8.16,0.0,0.054772255750511,1000,0,1.1125201066059969,0.0,0.0,2
2775,7.1,76.0,8.53638553374796,80.0,0.0,0.0297556245384251,7.6,7.720000000000001,0.0,0.0447213595499922,1000,0,1.436385533747961,0.0,0.0,2
2780,7.1,76.0,7.120452747452953,81.4,0.0,0.0831444973486415,8.34,8.459999999999999,0.0,0.0547722557505187,1000,0,0.0204527474529534,0.0,0.0,2
2785,7.1,76.0,8.19171334801705,81.0,0.0,0.0071397837404581,8.0,8.26,0.0,0.0547722557505173,1000,0,1.0917133480170502,0.0,0.0,2
2790,7.1,76.0,8.532225334989429,100.0,0.0,0.0188219675421597,9.78,9.5,0.0,0.3162277660168361,1000,0,1.432225334989429,0.0,0.200000000000001,2
2795,7.1,76.0,8.057061162231975,79.4,0.0,0.032190586990044,7.459999999999999,7.52,0.0,0.0447213595499986,1000,0,0.9570611622319748,0.0,0.0,2
2800,7.1,76.0,7.11427160517062,79.0,0.0,-0.1317784763433983,7.1,7.340000000000001,0.0,0.0547722557505242,1000,0,0.0142716051706202,0.0,0.0,2
2805,7.1,76.0,8.105349422288386,78.5,0.0,0.0063911955334707,7.1,7.3,0.0,0.0,1000,0,1.0053494222883863,0.0,0.0,2
2810,7.1,76.0,7.1952430811970505,80.5,0.0,-0.0529933999388733,7.92,7.979999999999999,0.0,0.0447213595499845,1000,0,0.0952430811970508,0.0,0.0999999999999996,2
2815,7.1,76.0,8.991657837597714,80.7,0.0,0.0319625957756325,8.0,8.1,0.0,0.0707106781186492,1000,0,1.8916578375977144,0.0,0.0999999999999996,2
2820,7.1,76.0,7.4516229144206,100.0,0.0,0.0094765375097196,10.34,10.42,0.0,0.1095445115009761,1000,0,0.3516229144206004,0.0,0.1999999999999993,2
2825,7.1,76.0,7.583378261246496,100.0,0.0,-0.0450457760913026,8.48,8.26,0.0,0.1140175425099586,1000,0,0.4833782612464965,0.0,0.0999999999999996,2
2830,7.1,76.0,8.733565275402936,78.7,0.0,-0.0283517975748068,7.1,7.26,0.0,0.0547722557505264,1000,0,1.6335652754029368,0.0,0.0,2
2835,7.1,76.0,7.67576530300076,81.4,0.0,0.0210092604608122,8.34,8.459999999999999,0.0,0.0547722557505187,1000,0,0.5757653030007601,0.0,0.0,2
2840,7.1,76.0,8.636386436995272,80.5,0.0,-0.0562630499221508,7.76,7.94,0.0,0.0547722557505079,1000,0,1.5363864369952722,0.0,0.0,2
2845,7.1,76.0,7.324782058537247,78.5,0.0,0.0469335457347042,7.1,7.3,0.0,0.0,1000,0,0.2247820585372473,0.0,0.0,2
2850,7.1,76.0,8.334262531569868,81.2,0.0,0.0061178172785165,8.4,8.540000000000001,0.0,0.0547722557505161,1000,0,1.2342625315698683,0.0,0.0,2
2855,7.1,76.0,7.853270037874676,80.6,0.0,-0.0348866499476529,8.0,8.040000000000001,0.0,0.0547722557505077,1000,0,0.7532700378746764,0.0,0.0,2
2860,7.1,76.0,8.33389476835893,80.9,0.0,0.0426185210878708,8.0,8.2,0.0,0.0707106781186522,1000,0,1.2338947683589296,0.0,0.0999999999999996,2
2865,7.1,76.0,7.274942476661183,81.1,0.0,-0.0018578452275387,8.1,8.360000000000001,0.0,0.0547722557505191,1000,0,0.1749424766611831,0.0,0.0,2
2870,7.1,76.0,8.010197048514215,79.0,0.0,-0.0078272163974868,7.1,7.340000000000001,0.0,0.0547722557505242,1000,0,0.910197048514215,0.0,0.0,2
2875,7.1,76.0,8.313524725256876,94.9,0.0,0.0065450976698062,8.0,7.9,0.0,0.0707106781187523,1000,0,1.2135247252568764,0.0,0.1000000000000005,2
2880,7.1,76.0,8.777701313843625,100.0,0.0,0.0691033072323683,8.760000000000002,8.5,0.0,0.1581138830084444,1000,0,1.6777013138436256,0.0,0.0999999999999996,2
2885,7.1,76.0,7.806802334885812,81.2,0.0,0.0514887410873517,8.180000000000001,8.4,0.0,0.0707106781186568,1000,0,0.7068023348858121,0.0,0.0999999999999996,2
2890,7.1,76.0,7.101312201068978,81.8,0.0,0.0472812097511437,8.4,8.74,0.0,0.0547722557505176,1000,0,0.0013122010689787,0.0,0.0,2
2895,7.1,76.0,8.727103397523699,100.0,0.0,-0.0487717391419381,9.499999999999998,9.16,0.0,0.240831891575851,1000,0,1.6271033975236993,0.0,0.0999999999999996,2
2900,7.1,76.0,8.988305424515119,82.4,0.0,0.0202198713743247,8.4,8.8,0.0,0.0,1000,0,1.888305424515119,0.0,0.0,2
2905,7.1,76.0,7.174974550509999,78.7,0.0,-0.1001917646826626,7.1,7.26,0.0,0.0547722557505264,1000,0,0.0749745505099994,0.0,0.0,2
2910,7.1,76.0,8.150918918473105,100.0,0.0,0.0799214351385529,8.64,8.42,0.0,0.1303840481040867,1000,0,1.050918918473105,0.0,0.0,2
2915,7.1,76.0,7.845269181025264,100.0,0.0,0.0521547994821388,8.4,8.139999999999999,0.0,0.114017542509964,1000,0,0.7452691810252645,0.0,0.0999999999999996,2
2920,7.1,76.0,7.074291765632736,100.0,0.0,0.0593616590100194,9.64,9.32,0.0,0.2863564212655285,1000,0,0.0257082343672641,0.0,0.0999999999999996,2
2925,7.1,76.0,7.190622060368211,100.0,0.0,0.0363645162075756,8.32,8.08,0.0,0.0836660026534792,1000,0,0.0906220603682115,0.0,0.0,2
2930,7.1,76.0,7.1408512855718005,100.0,0.0,0.0916707022908477,8.760000000000002,8.5,0.0,0.1581138830084444,1000,0,0.0408512855718008,0.0,0.0999999999999996,2
2935,7.1,76.0,8.470026073007846,100.0,0.0,0.0416101094627125,9.0,8.74,0.0,0.2073644135332922,1000,0,1.3700260730078462,0.0,0.0999999999999996,2
2940,7.1,76.0,8.709524772526137,81.2,0.0,0.0135073687475744,8.4,8.540000000000001,0.0,0.0547722557505161,1000,0,1.6095247725261377,0.0,0.0,2
2945,7.1,76.0,7.21760307775528,78.6,0.0,0.1016849732228862,7.1,7.220000000000001,0.0,0.0447213595500093,1000,0,0.1176030777552803,0.0,0.0,2
2950,7.1,76.0,8.387472685691861,100.0,0.0,-0.0084488787160034,10.42,10.3,0.0,0.212132034355938,1000,0,1.2874726856918617,0.0,0.1999999999999993,2
2955,7.1,76.0,7.760586954613132,80.2,0.0,0.0480612406280524,7.6,7.82,0.0,0.0447213595499895,1000,0,0.660586954613132,0.0,0.0,2
2960,7.1,76.0,8.162951413172804,100.0,0.0,0.0515262187539865,8.92,8.620000000000001,0.0,0.1923538406167322,1000,0,1.0629514131728044,0.0,0.0999999999999996,2
2965,7.4881985082855556,92.0,7.4163233693003185,100.0,0.0026304151302941,-0.0072758996179035,7.4881985082855556,7.4163233693003185,0.0,0.114017542509964,0,0,0.071875138985237,0.0,0.0999999999999996,0
2970,8.377242014926619,75.0,8.489276109876183,79.4,-0.0189537045298734,-0.0295228277022081,8.377242014926619,8.489276109876183,0.2302172886644256,0.0447213595500001,0,0,0.1120340949495641,0.0,0.0999999999999996,0
2975,7.677120328916727,92.0,7.833284927741594,100.0,-0.0016704303754136,0.0480590641259508,7.677120328916727,7.833284927741594,0.0,0.114017542509964,0,0,0.1561645988248665,0.0,0.0999999999999996,0
2980,7.352503355780331,75.0,7.284968446148913,79.4,0.0421002455307923,-0.0463464458228116,7.352503355780331,7.284968446148913,0.2509980079602218,0.0,0,0,0.0675349096314184,0.0,0.0,0
2985,7.036802110817655,94.0,7.0220587450273095,100.0,-0.0471351471042799,-0.0154601432148844,7.036802110817655,7.0220587450273095,0.2190890230020856,0.2387467277262505,0,0,0.0147433657903457,0.0,0.200000000000001,0
2990,7.413922886249413,78.0,7.2592075527128355,81.2,0.0292343961694188,0.0202962993761167,7.413922886249413,7.2592075527128355,0.2049390153191916,0.0707106781186568,0,0,0.1547153335365774,0.0,0.0999999999999996,0
2995,7.070973432865026,76.0,7.117112086781071,80.0,0.0496141302410207,-0.0407977295570983,7.070973432865026,7.117112086781071,0.0,0.0447213595499922,0,0,0.0461386539160448,0.0,0.0,0
3000,7.817968147976481,80.0,7.718575538156223,81.8,0.0418319612173542,-0.037753076209156,7.817968147976481,7.718575538156223,0.0,0.0547722557505176,0,0,0.0993926098202582,0.0,0.0,0
3005,6.574609233451443,77.0,6.676089262877992,80.8,0.0017203943998716,0.0007406459912643,6.574609233451443,6.676089262877992,0.0,0.0547722557505106,0,0,0.1014800294265487,0.0,0.0,0
3010,8.170206231717875,77.0,8.21681435078116,80.7,-0.0130773264020834,-0.0152148441891619,8.170206231717875,8.21681435078116,0.0,0.0707106781186492,0,0,0.0466081190632845,0.0,0.0999999999999996,0
3015,7.2524835149560145,91.0,7.091434730610846,100.0,-0.0184863586875911,-0.021536411102128,7.2524835149560145,7.091434730610846,0.1788854381999668,0.0836660026534792,0,0,0.1610487843451684,0.4000000000000003,0.0,0
3020,8.325553539217943,76.0,8.47673100807326,80.0,-0.0264551331945521,0.0275181364249668,8.325553539217943,8.47673100807326,0.0,0.0547722557505127,0,0,0.1511774688553178,0.0,0.0,0
3025,7.095254568933247,89.0,7.227880171074357,93.9,0.0352390709259207,0.0162538550353639,7.095254568933247,7.227880171074357,0.0,0.0547722557506471,0,0,0.1326256021411103,0.0,0.0,0
3030,7.314593105298,89.0,7.161081151941546,93.9,-0.0496056928117766,-0.0131953985581864,7.314593105298,7.161081151941546,0.0,0.0547722557506471,0,0,0.1535119533564541,0.0,0.0,0
3035,8.36288704331862,91.0,8.485547126608264,99.9,0.0003320376474595,0.0081172337917859,8.36288704331862,8.485547126608264,0.2190890230020498,0.0707106781187444,0,0,0.1226600832896434,0.0,0.0999999999999996,0
3040,6.836148350653873,93.0,6.853135684879543,100.0,-0.0219199233870086,-0.0362768646278314,6.836148350653873,6.853135684879543,0.6442049363362617,0.5099019513592685,0,0,0.0169873342256705,0.0999999999999996,0.0,0
3045,7.029119356618902,81.0,7.232489802842605,82.2,0.0453158175998103,-0.0331071365302372,7.029119356618902,7.232489802842605,0.0,0.0,0,0,0.2033704462237029,0.0,0.0,0
3050,7.991902862648311,91.0,7.742642483726621,99.9,-0.0215867198124246,-0.046765279012746,7.991902862648311,7.742642483726621,0.2190890230020498,0.0707106781187444,0,0,0.24926037892169,0.0,0.0999999999999996,0
3055,7.68426728586726,78.0,7.635597399738633,81.0,-0.0136874559449511,-0.0396367307513135,7.68426728586726,7.635597399738633,0.0,0.0547722557505173,0,0,0.0486698861286267,0.0,0.0,0
3060,7.081594557650598,76.0,6.832347315228515,80.7,0.0398125422480454,-0.0026696754007669,7.081594557650598,6.832347315228515,0.0,0.054772255750508,0,0,0.2492472424220828,0.0,0.0,0
3065,7.648030212855172,94.0,7.4658702722586545,100.0,-0.0090050669164887,0.0451853642983978,7.648030212855172,7.4658702722586545,0.31937438845344,0.2387467277262459,0,0,0.1821599405965175,0.4000000000000003,0.0999999999999996,0
3070,6.681053043322953,92.0,6.450645395473694,100.0,-0.0092666095707712,-0.0380820787573227,6.681053043322953,6.450645395473694,0.0,0.100000000000054,0,0,0.2304076478492582,0.0,0.0,0
3075,8.22526139659754,78.0,8.333253784348909,81.2,-0.0270816449011791,0.0205272954689302,8.22526139659754,8.333253784348909,0.2049390153191916,0.0707106781186568,0,0,0.1079923877513682,0.0,0.0999999999999996,0
3080,8.096970091071531,80.0,8.30272975420416,81.7,-0.0017087429084173,0.0115680039586005,8.096970091071531,8.30272975420416,0.0,0.0547722557505161,0,0,0.2057596631326284,0.0,0.0,0
3085,6.893477738237857,74.0,6.955051689882443,78.5,0.032401770714649,-0.0191666542909654,6.893477738237857,6.955051689882443,0.0,0.0,0,0,0.0615739516445854,0.0,0.0,0
3090,7.912716102486253,93.0,8.042167661219468,100.0,0.0370169881959575,-0.026506416360147,7.912716102486253,8.042167661219468,0.2683281572999802,0.223606797749988,0,0,0.1294515587332148,0.1999999999999993,0.200000000000001,0
3095,8.088916632600354,93.0,8.135750731516461,100.0,0.0213778628543966,-0.022696136536721,8.088916632600354,8.135750731516461,0.3000000000000078,0.240831891575851,0,0,0.0468340989161077,0.0,0.0999999999999996,0
3100,7.320469063441584,79.0,7.315918874591664,81.2,0.0070118306691277,0.0367859719271808,7.320469063441584,7.315918874591664,0.0,0.0547722557505161,0,0,0.0045501888499206,0.0,0.0,0
3105,6.684151080143701,81.0,6.531795138857733,86.1,0.0028818996306326,-0.0250609992303329,6.684151080143701,6.531795138857733,0.2236067977499773,0.6058052492344387,0,0,0.1523559412859683,0.5,1.2999999999999998,0
3110,6.917570530890072,75.0,6.917223446931591,79.3,0.0166784545345776,0.0203643976468891,6.917570530890072,6.917223446931591,0.0,0.0547722557505209,0,0,0.0003470839584807,0.0,0.0,0
3115,8.335370175584675,74.0,8.271371898949006,78.9,0.0386670901949779,0.0186632307330278,8.335370175584675,8.271371898949006,0.0,0.0447213595500054,0,0,0.0639982766356688,0.0,0.0,0
3120,8.192906859170703,74.0,8.179981470062097,78.5,0.0249684067406281,-0.010282095963776,8.192906859170703,8.179981470062097,0.0,0.0,0,0,0.0129253891086058,0.0,0.0,0
3125,6.564949274752909,74.0,6.454777082724349,78.2,0.0449978255257859,-0.026989258183971,6.564949274752909,6.454777082724349,0.0,0.0,0,0,0.1101721920285596,0.0,0.0,0
3130,8.213799176276433,74.0,8.206448410025441,78.5,-0.0344646021038712,0.036019738906229,8.213799176276433,8.206448410025441,0.0,0.0,0,0,0.0073507662509921,0.0,0.0,0
3135,7.012752972933108,80.0,7.104197745113409,81.5,0.0334988754011278,0.0239408309503084,7.012752972933108,7.104197745113409,0.0,0.0836660026534067,0,0,0.0914447721803011,0.0,0.0,0
3140,7.648299133553,74.0,7.76382198840912,78.6,0.0493571225406919,-0.0358138969652663,7.648299133553,7.76382198840912,0.0,0.0447213595500093,0,0,0.1155228548561195,0.0,0.0,0
3145,7.455953235330639,92.0,7.290250513669764,100.0,-0.0432772722282529,-0.0495434663856807,7.455953235330639,7.290250513669764,0.2190890230020623,0.1581138830084444,0,0,0.1657027216608746,0.4000000000000003,0.0999999999999996,0
3150,6.502585671156384,93.0,6.692541825860038,100.0,0.0015662475070256,-0.0062585091809004,6.502585671156384,6.692541825860038,0.6442049363362617,0.5099019513592685,0,0,0.1899561547036548,0.0999999999999996,0.0,0
3155,7.626527473579588,75.0,7.635445567424393,79.7,0.0049826289301105,0.0334071191678809,7.626527473579588,7.635445567424393,0.0,0.044721359549997,0,0,0.0089180938448043,0.0,0.0999999999999996,0
3160,7.718711626486272,74.0,7.51777881925878,78.9,-0.0366362422219984,-0.0406738326807371,7.718711626486272,7.51777881925878,0.0,0.0447213595500054,0,0,0.2009328072274918,0.0,0.0,0
3165,7.628524648693277,92.0,7.585153546378549,100.0,0.0389179302111883,-0.0201812140236293,7.628524648693277,7.585153546378549,0.1788854381999818,0.1923538406167322,0,0,0.0433711023147278,0.0,0.0999999999999996,0
3170,7.88620900349666,78.0,7.817214679299104,81.2,-0.019578298049285,-0.0405379210076673,7.88620900349666,7.817214679299104,0.2049390153191916,0.0707106781186568,0,0,0.0689943241975559,0.0,0.0999999999999996,0
3175,7.240885442756367,93.0,7.480091133256637,100.0,-0.0439474025617583,0.0278913721463845,7.240885442756367,7.480091133256637,0.2683281572999802,0.223606797749988,0,0,0.2392056905002704,0.1999999999999993,0.200000000000001,0
3180,8.048921371763225,92.0,8.075262431496727,100.0,0.0154638052388595,0.0106754407448281,8.048921371763225,8.075262431496727,0.0,0.114017542509964,0,0,0.026341059733502,0.0,0.0999999999999996,0
3185,7.380776545585984,76.0,7.24888111492946,80.5,-0.0297694415811828,-0.0365932746453525,7.380776545585984,7.24888111492946,0.2190890230020658,0.0547722557505075,0,0,0.1318954306565247,0.0,0.0,0
3190,6.694404884516096,75.0,6.776834758430467,79.4,0.0176177016120459,0.0314814171759314,6.694404884516096,6.776834758430467,0.1341640786499849,0.0547722557505205,0,0,0.0824298739143714,0.0,0.0,0
3195,8.005440736095355,94.0,8.202514699457966,100.0,-0.0277152025764772,0.0130987630194449,8.005440736095355,8.202514699457966,0.31937438845344,0.2387467277262459,0,0,0.1970739633626106,0.4000000000000003,0.0999999999999996,0
3200,8.233745662699635,75.0,8.466432718275463,79.4,0.0482335927873409,-0.0234882458301134,8.233745662699635,8.466432718275463,0.2509980079602218,0.0,0,0,0.2326870555758287,0.0,0.0,0
3205,8.023692793692195,75.0,8.017779529080306,79.2,-0.0085526159095338,-0.0149852499396184,8.023692793692195,8.017779529080306,0.0,0.0447213595500017,0,0,0.0059132646118893,0.0,0.0,0
3210,7.5988467498575005,75.0,7.73486050005148,79.4,0.0457374039527988,0.0393203291060502,7.5988467498575005,7.73486050005148,0.2302172886644256,0.0447213595500001,0,0,0.1360137501939791,0.0,0.0999999999999996,0
3215,7.994369169372971,74.0,8.152865779804833,78.2,0.015964707341905,0.0318814378489683,7.994369169372971,8.152865779804833,0.0,0.0,0,0,0.1584966104318619,0.0,0.0,0
3220,8.024777211407882,75.0,8.02272053718521,79.2,0.0286537554679769,-0.0389559427403062,8.024777211407882,8.02272053718521,0.0,0.0,0,0,0.0020566742226719,0.0,0.0,0
3225,7.545292918785582,80.0,7.465386433245118,81.8,-0.010198284594721,0.0179231469303041,7.545292918785582,7.465386433245118,0.0,0.0547722557505176,0,0,0.079906485540464,0.0,0.0,0
3230,7.346377174004957,78.0,7.503419033195041,81.2,0.0490344953894904,0.0208071870636568,7.346377174004957,7.503419033195041,0.2049390153191916,0.0707106781186568,0,0,0.1570418591900848,0.0,0.0999999999999996,0
3235,7.80338063568816,76.0,7.587355450980148,79.8,-0.0426662412870653,-0.0247257172928523,7.80338063568816,7.587355450980148,0.0,0.0447213595499959,0,0,0.2160251847080116,0.0,0.0,0
3240,6.9565304730980415,75.0,6.77752409986142,79.7,-0.0139552109694192,-0.0151552933802436,6.9565304730980415,6.77752409986142,0.0,0.044721359549997,0,0,0.1790063732366213,0.0,0.0999999999999996,0
3245,8.03917803032327,79.0,8.14712507057943,81.4,-0.0002057362435329,0.0416189075982532,8.03917803032327,8.14712507057943,0.1341640786499875,0.0547722557505187,0,0,0.1079470402561586,0.3000000000000007,0.0,0
3250,8.076568366291115,90.0,8.104143493602837,96.6,-0.0196972068976266,-0.0220219844357872,8.076568366291115,8.104143493602837,0.0,0.0547722557506381,0,0,0.0275751273117226,0.0,0.0,0
3255,8.247455452852527,74.0,8.31032138378624,78.9,0.0279084415156392,0.0464192219656446,8.247455452852527,8.31032138378624,0.0,0.0447213595500054,0,0,0.0628659309337127,0.0,0.0,0
3260,6.51779558238908,74.0,6.703449926891465,78.9,-0.0268421701214602,-0.0486117352282979,6.51779558238908,6.703449926891465,0.0,0.0447213595500054,0,0,0.1856543445023852,0.0,0.0,0
3265,6.993897063126338,80.0,6.920391819081437,81.8,-0.0423032624088829,-0.0248167611254159,6.993897063126338,6.920391819081437,0.0,0.0547722557505176,0,0,0.0735052440449015,0.0,0.0,0
3270,7.286970879835383,80.0,7.245843539810867,81.8,0.0165948134743113,-0.0208994870710889,7.286970879835383,7.245843539810867,0.0,0.0547722557505176,0,0,0.0411273400245164,0.0,0.0,0
3275,6.99855274371721,80.0,7.1422069641855295,82.1,0.0368757443700357,-0.0219820076413589,6.99855274371721,7.1422069641855295,0.0,0.0577350269189636,0,0,0.1436542204683197,0.0,0.1000000000000014,0
3280,6.908704213240688,74.0,6.901358232062696,78.2,-0.0265331727415653,0.0116148807744448,6.908704213240688,6.901358232062696,0.0,0.0,0,0,0.0073459811779921,0.0,0.0,0
3285,8.294588618705028,81.0,8.492906053825005,82.2,-0.0330760097945319,0.0489381840804588,8.294588618705028,8.492906053825005,0.0,0.0,0,0,0.1983174351199768,0.0,0.0,0
3290,7.734389655834272,73.0,7.849961081146434,78.2,0.0331153233155216,-0.0115860179973554,7.734389655834272,7.849961081146434,0.0,0.0547722557505306,0,0,0.1155714253121615,0.0,0.1000000000000005,0
3295,6.940034567412099,76.0,6.8674639415999605,80.5,-0.0306365074475721,-0.0051218579407831,6.940034567412099,6.8674639415999605,0.0,0.0447213595499845,0,0,0.0725706258121388,0.0,0.0,0
3300,7.954108271270628,73.0,8.130252579727602,78.3,0.0058019976879237,0.0256462295851468,7.954108271270628,8.130252579727602,0.0,0.0447213595500118,0,0,0.1761443084569736,0.0,0.1000000000000005,0
3305,6.946715101925149,76.0,6.700131788442714,80.5,0.0250730873262946,0.0349495657549489,6.946715101925149,6.700131788442714,0.1788854381999822,0.0447213595499858,0,0,0.2465833134824357,0.0,0.0,0
3310,7.533482357481131,92.0,7.543719265864717,100.0,0.0008441839777377,-0.0114987155800384,7.533482357481131,7.543719265864717,0.1788854381999818,0.1923538406167322,0,0,0.010236908383586,0.0,0.0999999999999996,0
3315,7.229451693924132,90.0,7.449263090055875,98.3,-0.0286762581457725,0.0118717790246793,7.229451693924132,7.449263090055875,0.1788854381999608,0.0547722557506361,0,0,0.2198113961317425,0.0,0.0,0
3320,8.008667459377198,80.0,7.9096225651485215,82.1,0.0363998249528808,0.0469209264599879,8.008667459377198,7.9096225651485215,0.0,0.0577350269189636,0,0,0.099044894228677,0.0,0.1000000000000014,0
3325,7.913991579491509,76.0,8.064224119337863,80.2,0.0338058503230102,0.0367746290516572,7.913991579491509,8.064224119337863,0.0,0.0447213595499895,0,0,0.1502325398463542,0.0,0.0,0
3330,7.116247283211734,80.0,7.289789179875839,81.7,0.0171858743231336,0.0161059391253487,7.116247283211734,7.289789179875839,0.0,0.0547722557505161,0,0,0.1735418966641058,0.0,0.0,0
3335,8.018061230986419,92.0,7.862959560537252,100.0,-0.0075216724634832,0.0133636238030271,8.018061230986419,7.862959560537252,0.2190890230020582,0.1140175425099555,0,0,0.1551016704491665,0.0,0.1000000000000014,0
3340,7.798133045001728,76.0,7.708615480731299,79.8,-0.0486337554742907,-0.0382039596982793,7.798133045001728,7.708615480731299,0.0,0.0547722557505164,0,0,0.0895175642704293,0.0,0.0,0
3345,8.088890360479061,94.0,7.886152227168847,100.0,0.0308651246530652,-0.0480819804898754,8.088890360479061,7.886152227168847,0.31937438845344,0.2387467277262459,0,0,0.2027381333102136,0.4000000000000003,0.0999999999999996,0
3350,7.558135000584864,91.0,7.446756696375368,100.0,-0.0209514112340676,-0.0451707230936372,7.558135000584864,7.446756696375368,0.2190890230020514,0.0547722557506296,0,0,0.111378304209496,0.0,0.0,0
3355,6.600058056783955,92.0,6.691388518268444,100.0,-0.0337134920061572,0.0228502960993915,6.600058056783955,6.691388518268444,0.1788854381999712,0.1140175425099586,0,0,0.0913304614844889,0.0,0.0999999999999996,0
3360,8.35056454895811,76.0,8.534139431263208,79.8,0.040069164069941,-0.0113231996556287,8.35056454895811,8.534139431263208,0.0,0.0447213595499959,0,0,0.1835748823050984,0.0,0.0,0
3365,6.746977785447088,76.0,6.831082675912527,79.8,0.0280010732726216,0.0369589812229538,6.746977785447088,6.831082675912527,0.0,0.0447213595499959,0,0,0.0841048904654391,0.0,0.0,0
3370,8.13396159488359,76.0,8.223778331446395,80.5,-0.038219949021447,0.0215355032656329,8.13396159488359,8.223778331446395,0.2190890230020658,0.0547722557505075,0,0,0.0898167365628044,0.0,0.0,0
3375,6.754943586684518,94.0,6.890509928091241,100.0,-0.0231831102816401,0.0118214277778325,6.754943586684518,6.890509928091241,0.16431676725157,0.3162277660168361,0,0,0.1355663414067232,0.0,0.200000000000001,0
3380,7.502691652736141,80.0,7.665742262116195,81.8,-0.0430248132378611,-0.0263693692770402,7.502691652736141,7.665742262116195,0.0,0.0547722557505176,0,0,0.1630506093800541,0.0,0.0,0
3385,7.344345549265483,76.0,7.250085221126178,80.2,0.0086789899447159,-0.0281917317770178,7.344345549265483,7.250085221126178,0.0,0.0447213595499895,0,0,0.0942603281393053,0.0,0.0,0
3390,7.655203557965426,78.0,7.540860029425563,81.0,0.0152812519771804,-0.0336043192864304,7.655203557965426,7.540860029425563,0.0,0.0707106781186561,0,0,0.1143435285398632,0.0,0.1000000000000014,0
3395,8.321256494431411,77.0,8.422645822823117,80.9,0.0258254440572441,-0.0283207859384704,8.321256494431411,8.422645822823117,0.0,0.054772255750516,0,0,0.101389328391706,0.0,0.0,0
3400,6.719911633403777,92.0,6.741426400652342,100.0,-0.0146577353475375,-0.022261291437416,6.719911633403777,6.741426400652342,0.0,0.100000000000054,0,0,0.0215147672485649,0.0,0.0,0
3405,6.68713933526317,76.0,6.476932504174189,80.0,-0.0317576934915435,-0.0389636274323752,6.68713933526317,6.476932504174189,0.0,0.0547722557505131,0,0,0.210206831088981,0.0,0.0,0
3410,6.54058068755152,75.0,6.379820816161808,79.6,-0.0491661159342373,0.0497127316448566,6.54058068755152,6.379820816161808,0.089442719099989,0.0547722557505183,0,0,0.160759871389712,0.1999999999999993,0.0,0
3415,7.923072268717042,81.0,7.89992270835747,82.4,-0.0458743749526494,0.0251309743710857,7.923072268717042,7.89992270835747,0.0,0.0,0,0,0.0231495603595721,0.0,0.0,0
3420,8.280300219275011,75.0,8.29204053423263,79.4,0.0224518310696552,-0.015479927577883,8.280300219275011,8.29204053423263,0.1341640786499849,0.0547722557505205,0,0,0.0117403149576187,0.0,0.0,0
3425,6.879848036268639,75.0,6.845500968043551,79.2,-0.0382256535073696,0.0342147263821852,6.879848036268639,6.845500968043551,0.0,0.0,0,0,0.0343470682250881,0.0,0.0,0
3430,7.564277496034666,90.0,7.3817763462618196,98.3,-0.0319983957296875,-0.0444616150107637,7.564277496034666,7.3817763462618196,0.1788854381999608,0.0547722557506361,0,0,0.1825011497728468,0.0,0.0,0
3435,7.525854149551552,76.0,7.44552260149918,80.3,-0.0400616147782749,-0.0159602679886684,7.525854149551552,7.44552260149918,0.0,0.0547722557505107,0,0,0.0803315480523725,0.0,0.0,0
3440,7.436214685523266,79.0,7.614265309828029,81.2,-0.004360974559732,-0.0391166796979379,7.436214685523266,7.614265309828029,0.0,0.0547722557505161,0,0,0.1780506243047632,0.0,0.0,0
3445,6.952491686353447,74.0,6.71892983454364,78.5,-0.0035117334862292,0.0336311429117693,6.952491686353447,6.71892983454364,0.0,0.0,0,0,0.2335618518098074,0.0,0.0,0
3450,7.314672128952071,74.0,7.2287805014224595,79.0,-0.0442529424287743,-0.0122454282845775,7.314672128952071,7.2287805014224595,0.0,0.0547722557505242,0,0,0.0858916275296115,0.0,0.0,0
3455,8.063990915118335,76.0,8.257413535988476,80.3,-0.0132116402811877,-0.0367620095409113,8.063990915118335,8.257413535988476,0.0,0.0547722557505111,0,0,0.193422620870141,0.0,0.0,0
3460,6.832315309805931,92.0,6.674466306210814,100.0,0.0269403533548799,-0.021827164679744,6.832315309805931,6.674466306210814,0.0,0.114017542509964,0,0,0.1578490035951167,0.0,0.0999999999999996,0
3465,7.130271313722531,94.0,7.189232844962572,100.0,-0.0148237679844771,0.0133556059877654,7.130271313722531,7.189232844962572,0.2190890230020856,0.2387467277262505,0,0,0.0589615312400404,0.0,0.200000000000001,0
3470,6.776255944512613,73.0,6.941801650352707,78.2,0.0058819552159844,0.0376048724301022,6.776255944512613,6.941801650352707,0.0,0.0547722557505306,0,0,0.1655457058400937,0.0,0.1000000000000005,0
3475,6.5561621215953405,74.0,6.49464134812396,78.5,-0.0315387471357686,-0.039337890341804,6.5561621215953405,6.49464134812396,0.0,0.0,0,0,0.0615207734713809,0.0,0.0,0
3480,6.530293436920831,76.0,6.311571215828595,80.5,-0.0050151635410326,0.0279431036227168,6.530293436920831,6.311571215828595,0.0,0.0447213595499845,0,0,0.2187222210922357,0.0,0.0,0
3485,7.485617248638297,79.0,7.458641599838132,81.3,-0.0188730510087572,-0.0375735978674038,7.485617248638297,7.458641599838132,0.1949358868961792,0.0547722557505191,0,0,0.0269756488001648,0.0999999999999996,0.0,0
3490,8.24841388706203,76.0,8.211055129005667,80.5,0.0109786054312371,-0.000369527534039,8.24841388706203,8.211055129005667,0.1788854381999822,0.0447213595499845,0,0,0.0373587580563636,0.4000000000000003,0.0999999999999996,0
3495,8.276903309583345,75.0,8.48427268244361,79.4,-0.0482079806925804,-0.0406490074484895,8.276903309583345,8.48427268244361,0.1341640786499849,0.0547722557505205,0,0,0.2073693728602652,0.0,0.0,0
